ticket_id,account_id,submitted_at,closed_at,resolution_time_hours,priority,first_response_time_minutes,satisfaction_score,escalation_flag
T-0024de,A-712f1c,,,27,high,74,4.0,
T-4d04b9,A-e43bf7,,,27,urgent,144,4.0,
T-d5e12f,A-0f3e88,,,19,urgent,93,4.0,
T-dfce9a,A-4c56c9,,,47,medium,126,5.0,
T-c59f77,A-6f8ad2,,,26,medium,8,4.0,
T-90f06d,A-94c3cd,,,9,medium,60,4.0,
T-30b537,A-2e4581,,,27,urgent,64,3.0,
T-60242d,A-72799b,,,12,low,56,4.0,
T-7119c9,A-b179bf,,,16,urgent,154,4.0,
T-b0edf2,A-7cfe77,,,28,medium,150,3.0,
T-98a84a,A-157070,,,42,low,26,4.0,
T-04457d,A-854864,,,48,medium,140,5.0,
T-6bd715,A-4e0e85,,,50,medium,129,4.0,
T-13f1b8,A-5b4ebb,,,26,low,121,5.0,
T-a3288b,A-098560,,,55,low,26,3.0,
T-f8e2c3,A-40a557,,,69,high,60,4.0,
T-4e7816,A-05f0e5,,,36,low,108,4.0,
T-0dea8b,A-671f31,,,60,medium,45,3.0,
T-ca96ba,A-410e86,,,3,high,64,4.0,
T-ac0b69,A-ac9111,,,14,low,86,4.0,
T-0f1c67,A-78f02b,,,48,low,51,4.0,
T-4fb3f2,A-c62e55,,,59,medium,136,3.0,
T-2b4423,A-158f4e,,,11,high,99,4.0,
T-b17401,A-50bb9f,,,12,high,171,3.0,
T-462ece,A-b9f5b1,,,51,low,50,3.0,
T-066714,A-b2225d,,,24,high,52,3.0,
T-8c694d,A-883b7d,,,15,low,39,3.0,
T-804c6c,A-751bd4,,,28,medium,49,4.0,
T-64b0b8,A-533452,,,56,low,16,5.0,
T-bfa749,A-684255,,,1,low,137,5.0,
T-3b24c1,A-0aaf6e,,,54,high,151,3.0,
T-68c8a6,A-7c4956,,,19,high,34,4.0,
T-bbe374,A-3ce5b8,,,50,low,155,4.0,
T-bccf63,A-82d8a6,,,70,high,67,3.0,
T-98448a,A-462d45,,,18,high,99,4.0,
T-f68dde,A-118d55,,,14,medium,1,4.0,
T-5f84c5,A-1f559b,,,62,high,28,4.0,
T-9bae5a,A-7cfe77,,,23,urgent,176,5.0,
T-22842d,A-533452,,,8,high,66,3.0,
T-f8b58d,A-ee42db,,,57,urgent,144,4.0,
T-3a2a66,A-e98302,,,66,low,150,4.0,
T-490c4a,A-503d5a,,,9,urgent,179,4.0,
T-6cce32,A-659280,,,6,medium,176,4.0,
T-ec46f5,A-f5641b,,,55,high,93,4.0,
T-219077,A-fb186e,,,42,medium,58,4.0,
T-6b6fb7,A-716841,,,4,medium,119,3.0,
T-2e5ba4,A-0be015,,,14,low,46,4.0,
T-8001a4,A-c9bb3e,,,11,urgent,53,4.0,
T-a1d9dd,A-fd7ad3,,,64,urgent,21,3.0,
T-121d6f,A-d5a319,,,17,low,132,4.0,
T-fd1ba2,A-d27f50,,,40,high,158,4.0,
T-b6d7ac,A-a0ca4e,,,11,low,12,5.0,
T-f2b9a5,A-f6b2fb,,,36,medium,138,5.0,
T-61fc87,A-034368,,,65,medium,127,3.0,
T-00fa83,A-9208f0,,,70,low,6,4.0,
T-358dd5,A-ced9aa,,,57,medium,131,4.0,
T-54e843,A-bb3bd4,,,8,medium,63,3.0,
T-50ad36,A-922109,,,26,medium,126,4.0,
T-06bf16,A-4a4c2d,,,30,medium,44,4.0,
T-f155f0,A-b179bf,,,6,high,156,4.0,
T-777753,A-ce66f8,,,69,low,74,4.0,
T-857a8d,A-bb3bd4,,,66,medium,52,4.0,
T-384dcb,A-bc4d48,,,71,urgent,6,5.0,
T-970c6c,A-439b2f,,,20,urgent,123,4.0,
T-50c7f8,A-a1bbb6,,,36,urgent,47,4.0,
T-a528f4,A-b78bf8,,,24,urgent,7,3.0,
T-7b7a5a,A-1e50e0,,,19,high,170,5.0,
T-c9a73c,A-b9f5b1,,,18,urgent,86,4.0,
T-486b6b,A-883b7d,,,22,urgent,102,5.0,
T-19cc99,A-c16b88,,,53,high,134,4.0,
T-35fc90,A-e98302,,,67,low,121,4.0,
T-d4142b,A-700ade,,,66,urgent,69,4.0,
T-6ba215,A-56962b,,,66,low,73,3.0,
T-e5c785,A-b54c01,,,26,medium,41,3.0,
T-4f0d98,A-e40f45,,,10,urgent,19,4.0,
T-e97da3,A-45ce7a,,,25,low,81,4.0,
T-990a0e,A-fa3095,,,48,high,28,4.0,
T-ce1dee,A-d792a6,,,32,low,126,4.0,
T-b7b797,A-bbc346,,,35,medium,24,4.0,
T-847498,A-7cfe77,,,59,high,36,4.0,
T-2ef49b,A-cc1d8d,,,45,medium,33,5.0,
T-fb6fa3,A-0a62f5,,,8,urgent,57,4.0,
T-a3f900,A-ae052e,,,29,medium,126,3.0,
T-b9e7df,A-526d93,,,5,medium,158,4.0,
T-0e6db2,A-ccc747,,,60,urgent,169,5.0,
T-4c2f4b,A-726cfa,,,37,high,150,4.0,
T-e7dc15,A-39868b,,,22,medium,137,4.0,
T-9876fb,A-2e3bad,,,14,high,92,4.0,
T-2c6679,A-0be015,,,51,medium,73,5.0,
T-03303d,A-87aa7b,,,59,high,7,4.0,
T-1ed4c4,A-c62e55,,,15,urgent,129,5.0,
T-7c6ab3,A-65a46c,,,57,urgent,96,5.0,
T-67bfcf,A-3932db,,,36,urgent,144,3.0,
T-088eb6,A-ac14bb,,,21,high,23,4.0,
T-b4bec0,A-117171,,,33,urgent,137,4.0,
T-03d219,A-ae052e,,,53,urgent,6,4.0,
T-7c2d38,A-ad3abd,,,1,high,35,4.0,
T-1112c6,A-de24d5,,,72,urgent,24,3.0,
T-938c6d,A-a8d89d,,,60,low,132,4.0,
T-d2e273,A-9f9299,,,5,high,94,4.0,
T-bdc72c,A-34d880,,,62,medium,106,3.0,
T-7d4777,A-66224b,,,40,medium,4,3.0,
T-03624c,A-7c6b6b,,,58,low,68,3.0,
T-3fab11,A-463db0,,,55,high,123,5.0,
T-37f2cf,A-faa28c,,,41,urgent,127,5.0,
T-826f63,A-f9cc74,,,72,low,169,4.0,
T-f7ec04,A-ad296b,,,16,urgent,74,3.0,
T-856d24,A-dbc825,,,53,high,166,4.0,
T-cbfd6b,A-8b0451,,,25,medium,137,4.0,
T-66636b,A-37f969,,,70,medium,116,4.0,
T-be44ea,A-bc4d48,,,49,medium,19,5.0,
T-fcd539,A-7da956,,,21,urgent,97,4.0,
T-433a53,A-297a2d,,,10,high,160,3.0,
T-5fb9f7,A-0f7d77,,,19,medium,88,4.0,
T-ced995,A-76fa4d,,,43,urgent,92,4.0,
T-9398db,A-bbe56f,,,48,low,107,5.0,
T-58a90d,A-cb6cc6,,,26,high,170,3.0,
T-8833a5,A-a1b80b,,,34,medium,150,4.0,
T-ef7c6e,A-f446b6,,,1,high,47,5.0,
T-b8ed8f,A-22f2df,,,11,high,99,4.0,
T-97fa24,A-f51f16,,,9,medium,73,3.0,
T-290bd4,A-ccc747,,,3,medium,18,4.0,
T-c45238,A-3f9cc0,,,60,medium,139,4.0,
T-a8de52,A-5b4ebb,,,17,medium,128,5.0,
T-73259c,A-54ecc2,,,20,medium,59,4.0,
T-eace7b,A-9c18c4,,,32,low,156,4.0,
T-9cb671,A-ce550d,,,55,high,73,4.0,
T-ae23c2,A-7e0a10,,,39,urgent,127,5.0,
T-1cbbd0,A-c1dfe1,,,33,urgent,38,4.0,
T-78b6e2,A-55f257,,,31,high,45,5.0,
T-a941f1,A-a09355,,,8,low,129,5.0,
T-667845,A-82861f,,,11,urgent,77,3.0,
T-546223,A-ccabf0,,,61,high,46,4.0,
T-6a2899,A-4437e4,,,51,medium,136,4.0,
T-ceb781,A-712533,,,9,low,108,3.0,
T-365342,A-39868b,,,29,low,146,5.0,
T-e9e7a7,A-3be56b,,,22,low,107,3.0,
T-4be927,A-96bbc6,,,62,low,31,3.0,
T-5b7600,A-bd4513,,,45,medium,127,5.0,
T-d0e9c2,A-0f6450,,,36,medium,112,4.0,
T-62d8ce,A-50f3f7,,,26,low,165,5.0,
T-2a24d4,A-8145a0,,,17,urgent,87,3.0,
T-a3d1d0,A-c58f49,,,44,urgent,54,4.0,
T-ade86f,A-e3bd71,,,16,low,96,4.0,
T-b8e4c5,A-ef84cf,,,34,low,98,4.0,
T-ffeda5,A-560d27,,,40,medium,90,4.0,
T-e938bb,A-832ec2,,,54,medium,171,4.0,
T-85af66,A-1f7acb,,,13,medium,165,4.0,
T-e13c08,A-de58ca,,,6,low,23,4.0,
T-f365f1,A-9779ad,,,43,medium,161,5.0,
T-dd45ee,A-8ed5dd,,,8,high,97,3.0,
T-59d842,A-158f4e,,,67,medium,168,4.0,
T-4a12e6,A-d42431,,,47,urgent,108,5.0,
T-3bfb51,A-425e76,,,23,high,60,4.0,
T-d3391b,A-cb5333,,,65,low,165,4.0,
T-ae6671,A-798a3f,,,58,urgent,112,4.0,
T-300e16,A-22d9d2,,,4,urgent,131,3.0,
T-167962,A-e3bd71,,,32,high,143,3.0,
T-1760ba,A-0b0d6d,,,36,medium,1,3.0,
T-a231f8,A-76fa4d,,,22,high,177,4.0,
T-706693,A-b54c01,,,38,medium,19,3.0,
T-fe8af7,A-90a8c8,,,24,low,33,3.0,
T-a427d8,A-4ef964,,,5,high,61,3.0,
T-30b4eb,A-104f1a,,,12,medium,37,4.0,
T-abb562,A-700ade,,,12,low,6,5.0,
T-a819c9,A-139c3b,,,62,urgent,38,4.0,
T-36d4a7,A-902ef7,,,37,urgent,130,4.0,
T-5c2f82,A-1f559b,,,68,urgent,143,4.0,
T-701980,A-ced9aa,,,20,low,125,3.0,
T-5f6c15,A-e43bf7,,,5,medium,26,3.0,
T-07593c,A-310452,,,11,medium,145,3.0,
T-6807e7,A-a33200,,,16,low,118,4.0,
T-027d8f,A-508199,,,44,urgent,27,4.0,
T-3798d5,A-5ed98d,,,12,medium,56,4.0,
T-763f2d,A-118f1c,,,64,medium,141,3.0,
T-196fca,A-6843f2,,,61,high,22,3.0,
T-b2adad,A-54ecc2,,,57,medium,20,5.0,
T-37b69f,A-bb1eaa,,,1,urgent,114,4.0,
T-f873ff,A-9123ac,,,40,low,73,4.0,
T-2a2ecd,A-533452,,,47,medium,30,4.0,
T-b29471,A-44dc83,,,40,high,53,4.0,
T-c32093,A-313be3,,,8,urgent,41,4.0,
T-f0f18c,A-ed510f,,,64,high,137,4.0,
T-4c7b15,A-443f6f,,,50,low,126,5.0,
T-ca36f7,A-812c5b,,,38,high,108,4.0,
T-a1bab0,A-45ce7a,,,50,medium,141,4.0,
T-5daa6c,A-f44180,,,32,low,157,5.0,
T-ea0979,A-855a48,,,38,urgent,177,4.0,
T-308071,A-f51f16,,,35,high,10,3.0,
T-ed091b,A-09316c,,,58,medium,129,4.0,
T-fd14d8,A-751c58,,,49,medium,178,4.0,
T-3a3a53,A-139c3b,,,26,medium,89,5.0,
T-35ae60,A-7641d3,,,70,medium,174,4.0,
T-93f5f0,A-3c1a3f,,,5,low,20,4.0,
T-0a835d,A-0aaf6e,,,56,low,14,4.0,
T-a79931,A-b179bf,,,53,low,94,4.0,
T-54b348,A-50f3f7,,,55,low,41,4.0,
T-ee77ae,A-8ed5dd,,,51,low,87,4.0,
T-fb798a,A-8bde0c,,,9,medium,64,4.0,
T-b0b086,A-bb3bd4,,,35,medium,65,5.0,
T-6de710,A-7da956,,,42,low,55,4.0,
T-d319e4,A-eb7c38,,,25,low,46,4.0,
T-041287,A-34ea2f,,,70,urgent,19,4.0,
T-496c6b,A-1e1b80,,,69,low,150,3.0,
T-d92e2e,A-712426,,,67,high,67,4.0,
T-6f8270,A-dbc825,,,72,high,118,3.0,
T-2a21f8,A-1f7acb,,,8,medium,92,4.0,
T-08e86b,A-9f9299,,,3,urgent,160,4.0,
T-bdbc42,A-31ab9a,,,62,urgent,90,4.0,
T-996921,A-751bd4,,,41,urgent,124,5.0,
T-c722ef,A-ced9aa,,,18,low,69,4.0,
T-100066,A-7f6b86,,,48,high,166,4.0,
T-51307e,A-b78bf8,,,40,low,93,5.0,
T-e545b2,A-dfbd31,,,45,low,158,5.0,
T-5a402d,A-e7beab,,,63,low,138,3.0,
T-287b04,A-92a333,,,25,low,11,4.0,
T-2c61f3,A-4bfa33,,,16,high,180,3.0,
T-c2b413,A-90a8c8,,,70,urgent,13,3.0,
T-a7489c,A-7e0a10,,,68,high,72,4.0,
T-011d5c,A-a09355,,,63,urgent,34,3.0,
T-af4249,A-dec005,,,66,low,180,3.0,
T-2904e8,A-692f18,,,20,low,144,4.0,
T-a9333e,A-5ed98d,,,72,medium,77,4.0,
T-4d5bca,A-970c97,,,61,urgent,139,5.0,
T-f0d824,A-b9f5b1,,,28,urgent,165,3.0,
T-05b5f6,A-cc1d8d,,,40,high,137,4.0,
T-246510,A-bb3bd4,,,41,high,160,5.0,
T-e7f66c,A-241e75,,,52,low,136,4.0,
T-dcb2e1,A-34d880,,,61,medium,78,3.0,
T-0e3932,A-118d55,,,11,medium,32,4.0,
T-52fd00,A-0532a9,,,7,medium,49,4.0,
T-d5e01b,A-de24d5,,,1,high,177,4.0,
T-5a765e,A-3cc791,,,71,high,38,5.0,
T-1bc086,A-00cac8,,,1,urgent,92,4.0,
T-30ab22,A-65aeb5,,,53,high,146,5.0,
T-a1ebca,A-712426,,,32,medium,43,4.0,
T-d9e588,A-bbe56f,,,7,low,117,3.0,
T-765765,A-4437e4,,,44,high,120,4.0,
T-848076,A-c42f1f,,,8,low,105,3.0,
T-00644f,A-8adedc,,,66,medium,62,4.0,
T-ec469a,A-e4bf56,,,52,urgent,72,5.0,
T-d1c41b,A-98a59a,,,24,high,68,4.0,
T-090534,A-cc8c8f,,,7,urgent,143,4.0,
T-367cc3,A-b7b7b7,,,1,medium,159,5.0,
T-f86b35,A-139c3b,,,11,urgent,108,4.0,
T-e23a37,A-855a48,,,13,high,55,4.0,
T-776916,A-0a282f,,,65,medium,12,5.0,
T-0854f6,A-310452,,,67,urgent,178,3.0,
T-2c34c5,A-034368,,,65,low,34,5.0,
T-270c25,A-81edc3,,,69,high,56,4.0,
T-f3e69b,A-b7ef83,,,67,medium,70,4.0,
T-2987d9,A-50f3f7,,,30,urgent,155,5.0,
T-da63ee,A-149a69,,,33,high,79,5.0,
T-44b600,A-eafc6e,,,64,medium,136,4.0,
T-4d0d5b,A-5a215a,,,12,urgent,126,4.0,
T-7cca37,A-dbc825,,,40,medium,128,5.0,
T-122749,A-4e960a,,,43,low,77,4.0,
T-27d61d,A-c7e58b,,,13,medium,171,4.0,
T-86e757,A-82d8a6,,,51,high,129,4.0,
T-13e2c4,A-92a3af,,,71,medium,29,5.0,
T-df9759,A-b7724f,,,15,medium,86,3.0,
T-c556c6,A-7c5768,,,50,high,39,4.0,
T-e57828,A-883b7d,,,43,high,52,4.0,
T-fc25d0,A-fd7ad3,,,61,high,138,4.0,
T-743f15,A-d49cc5,,,64,urgent,2,4.0,
T-9bbea1,A-b54c01,,,52,low,172,4.0,
T-9bf64e,A-3ce5b8,,,29,high,87,4.0,
T-7cefd9,A-7920cc,,,63,medium,146,5.0,
T-9717fc,A-cea1f0,,,57,medium,145,4.0,
T-b43464,A-08e34e,,,68,high,67,3.0,
T-29abed,A-cd458b,,,50,urgent,39,5.0,
T-4e24d4,A-b3fe05,,,66,urgent,75,4.0,
T-990f20,A-6a7c9d,,,28,medium,42,3.0,
T-618d10,A-afa505,,,19,urgent,130,4.0,
T-9736d7,A-d4e0d4,,,19,medium,66,4.0,
T-7a48cd,A-4c38bc,,,66,medium,37,4.0,
T-8f1182,A-fa3095,,,50,high,98,4.0,
T-926ee8,A-5a92e7,,,68,high,9,5.0,
T-21c5ae,A-9123ac,,,37,urgent,77,4.0,
T-7d1efb,A-eb2fdc,,,46,medium,16,4.0,
T-bad86e,A-7c6b6b,,,68,high,144,4.0,
T-818ae1,A-6965e1,,,57,low,55,4.0,
T-e1cf37,A-4c38bc,,,68,high,72,3.0,
T-104009,A-fd7ad3,,,55,high,82,4.0,
T-2b7d40,A-474ad4,,,48,medium,65,4.0,
T-b4f3d9,A-378b99,,,5,low,101,5.0,
T-d6ab6c,A-66224b,,,6,urgent,58,3.0,
T-62b1dd,A-a45270,,,67,medium,112,4.0,
T-cd4a87,A-798a3f,,,45,urgent,38,3.0,
T-3aa54d,A-db5e9e,,,64,low,177,5.0,
T-640bda,A-96bbc6,,,28,medium,112,3.0,
T-8e435c,A-e1b9cd,,,35,high,115,3.0,
T-32b901,A-67be94,,,49,high,1,4.0,
T-867910,A-3793ee,,,70,high,11,4.0,
T-316da7,A-1ac5e0,,,35,high,44,4.0,
T-3517a8,A-702032,,,52,medium,43,4.0,
T-86c6c6,A-8adedc,,,59,high,22,4.0,
T-565965,A-3b5cd1,,,41,urgent,42,4.0,
T-096b66,A-313be3,,,6,urgent,69,4.0,
T-d90ef7,A-e2cd1b,,,67,medium,101,4.0,
T-495585,A-acb7f7,,,23,medium,31,3.0,
T-502019,A-4e631b,,,20,low,18,4.0,
T-b6d93a,A-50bb9f,,,34,low,35,4.0,
T-d5352f,A-c1e51e,,,53,high,148,3.0,
T-5f94dd,A-d82ef9,,,13,high,149,4.0,
T-d0ff21,A-378b99,,,34,medium,40,5.0,
T-1d7cfb,A-05d3b3,,,15,urgent,44,5.0,
T-759c6f,A-fb186e,,,43,medium,132,3.0,
T-0c378b,A-f03140,,,41,low,169,4.0,
T-bde8aa,A-781cc0,,,31,high,133,4.0,
T-bf01b8,A-59f724,,,19,urgent,30,4.0,
T-926f27,A-34d880,,,64,low,127,3.0,
T-952a1a,A-9bfc9f,,,63,high,168,4.0,
T-361edc,A-eb7fac,,,23,low,112,4.0,
T-2d4793,A-ce550d,,,3,urgent,88,4.0,
T-9bfb24,A-ad64c6,,,68,high,2,5.0,
T-abcd41,A-6da850,,,36,medium,44,4.0,
T-5b0ebb,A-cea1f0,,,29,high,17,4.0,
T-2e5c7e,A-ff79f2,,,63,low,136,4.0,
T-ac4493,A-66224b,,,53,medium,172,4.0,
T-6f11a3,A-a1b80b,,,58,urgent,18,4.0,
T-88949f,A-68f37c,,,43,low,173,4.0,
T-d612f3,A-bb1486,,,18,low,1,3.0,
T-c127ef,A-149a69,,,25,high,170,4.0,
T-6858fa,A-034368,,,24,medium,51,4.0,
T-6db7d8,A-e888d1,,,26,urgent,68,3.0,
T-ad4ec7,A-560d27,,,12,low,62,3.0,
T-a51205,A-cd458b,,,42,urgent,76,3.0,
T-4dd126,A-af0cd2,,,36,medium,123,4.0,
T-6750a4,A-a33200,,,37,low,101,4.0,
T-33d113,A-7e0a10,,,33,high,30,4.0,
T-58506b,A-158f4e,,,13,urgent,124,4.0,
T-753ba1,A-4bfa33,,,19,high,29,4.0,
T-59d67b,A-86902e,,,48,urgent,17,3.0,
T-6ec2a9,A-9208f0,,,70,low,3,4.0,
T-b1d1d0,A-bcf664,,,25,urgent,128,3.0,
T-130a82,A-cb5333,,,25,low,35,3.0,
T-66d999,A-b44e3e,,,39,urgent,41,5.0,
T-037337,A-378b99,,,16,low,1,4.0,
T-342b36,A-cc102e,,,61,low,177,5.0,
T-223760,A-2edab2,,,59,low,124,4.0,
T-9eb2b5,A-dcc3f1,,,30,urgent,144,5.0,
T-f3e7c5,A-756192,,,17,urgent,119,5.0,
T-116af1,A-dcc2f0,,,52,urgent,93,4.0,
T-29279c,A-812c5b,,,43,urgent,127,4.0,
T-b0acc7,A-1f559b,,,48,medium,126,4.0,
T-d32d8c,A-c1e51e,,,25,urgent,55,4.0,
T-cb9d4b,A-fd7ad3,,,38,medium,144,4.0,
T-475284,A-d27f50,,,15,low,99,3.0,
T-411989,A-2446e3,,,8,medium,148,4.0,
T-863bcf,A-bece89,,,26,medium,163,4.0,
T-866ebe,A-b07b56,,,27,urgent,115,4.0,
T-e0c9bf,A-6da850,,,69,medium,26,4.0,
T-458e24,A-f25509,,,20,medium,147,4.0,
T-c8be02,A-378b99,,,49,medium,115,5.0,
T-7f088c,A-4e44e8,,,71,low,175,4.0,
T-4a0f02,A-186a44,,,51,urgent,61,4.0,
T-f3f1b8,A-dbc825,,,70,low,122,4.0,
T-79b057,A-31ab9a,,,27,low,66,4.0,
T-11534a,A-524364,,,65,low,110,5.0,
T-c0d8b2,A-8b0451,,,49,urgent,23,3.0,
T-ad6a24,A-7e0a10,,,46,urgent,43,4.0,
T-cbc17d,A-7c5768,,,19,medium,62,4.0,
T-1d4920,A-b7b7b7,,,9,low,101,4.0,
T-ef0a78,A-ad296b,,,38,medium,81,3.0,
T-b369df,A-c7e58b,,,16,low,125,3.0,
T-29e9b8,A-4a267b,,,7,low,166,5.0,
T-96702f,A-9077b0,,,68,high,176,5.0,
T-9df3b0,A-eb2fdc,,,55,low,42,4.0,
T-a39933,A-ed510f,,,44,urgent,129,5.0,
T-7febc0,A-779e4e,,,33,urgent,79,3.0,
T-84717f,A-f19409,,,1,urgent,90,4.0,
T-135f77,A-cd458b,,,53,medium,146,5.0,
T-41014e,A-a0ca4e,,,61,high,40,4.0,
T-5c0331,A-940b8b,,,47,high,47,4.0,
T-3ec096,A-f97b9a,,,59,high,32,3.0,
T-251fda,A-856b1e,,,1,low,123,4.0,
T-8d3d46,A-30b4ca,,,64,medium,131,4.0,
T-051e5b,A-e08cd3,,,11,urgent,59,5.0,
T-429ce6,A-c45b23,,,7,high,55,3.0,
T-3367b8,A-ba6516,,,66,low,14,4.0,
T-1e3043,A-b78bf8,,,2,urgent,89,5.0,
T-c0ce04,A-94f8c9,,,51,urgent,29,4.0,
T-864e85,A-9bfc9f,,,58,low,72,3.0,
T-2b1a0a,A-89ee83,,,13,medium,35,4.0,
T-5c9e4d,A-c7e58b,,,55,urgent,104,4.0,
T-af95b8,A-58b9ff,,,65,low,120,4.0,
T-471c3e,A-3ce5b8,,,41,high,89,4.0,
T-862ab3,A-31ab9a,,,59,medium,85,3.0,
T-7b0fe1,A-716841,,,40,low,176,4.0,
T-ac5eaa,A-55f257,,,36,urgent,144,5.0,
T-f27d8b,A-7920cc,,,47,urgent,113,4.0,
T-60706c,A-2922b6,,,27,urgent,136,4.0,
T-3a3aa1,A-3b5cd1,,,9,low,24,4.0,
T-e74b9f,A-94d3da,,,36,low,98,3.0,
T-dfad13,A-5b1bcd,,,5,urgent,143,5.0,
T-60c481,A-5247b3,,,57,urgent,131,4.0,
T-772cfe,A-e51ec7,,,45,high,87,5.0,
T-187648,A-592832,,,41,medium,51,4.0,
T-48f8ab,A-dcc2f0,,,2,medium,107,4.0,
T-35ba6a,A-ab438f,,,4,urgent,139,3.0,
T-5b9038,A-d922bf,,,23,high,7,3.0,
T-690c29,A-c222ab,,,71,medium,77,5.0,
T-3f754a,A-bb3bd4,,,14,urgent,36,5.0,
T-367563,A-e61e98,,,5,medium,175,4.0,
T-0079ed,A-cc98bc,,,3,urgent,125,4.0,
T-69e92c,A-ccabf0,,,46,medium,114,3.0,
T-e3d7af,A-526d93,,,54,low,157,4.0,
T-f708b2,A-bc87bc,,,11,low,177,3.0,
T-b2b3fd,A-7df7a7,,,26,high,132,3.0,
T-1dc468,A-4c6f11,,,20,urgent,14,5.0,
T-b78a44,A-9208f0,,,32,medium,103,4.0,
T-194946,A-65aeb5,,,32,low,173,4.0,
T-cbfee6,A-5247b3,,,52,high,173,4.0,
T-ea7839,A-ba6516,,,24,low,58,3.0,
T-32cb13,A-1986ca,,,15,urgent,146,4.0,
T-88d5fe,A-0b0d6d,,,41,urgent,59,4.0,
T-a80500,A-fce879,,,29,medium,74,3.0,
T-325ab2,A-f03140,,,43,medium,71,4.0,
T-cfae4d,A-fdfc91,,,44,urgent,55,4.0,
T-cc5da4,A-86cdb4,,,62,high,33,5.0,
T-387b29,A-956988,,,44,low,83,4.0,
T-86268f,A-157070,,,60,low,176,3.0,
T-ef99b1,A-eb1312,,,68,low,117,5.0,
T-89ae7a,A-503d5a,,,72,high,107,5.0,
T-7c37e5,A-8b0451,,,47,urgent,104,4.0,
T-bd64bb,A-5a92e7,,,67,urgent,172,5.0,
T-6deaa1,A-5f2961,,,53,high,19,4.0,
T-1c52db,A-8e47ca,,,46,medium,90,4.0,
T-be05b0,A-396e5f,,,29,urgent,27,4.0,
T-ffd35f,A-bb1eaa,,,58,urgent,106,4.0,
T-d15fe8,A-600734,,,67,high,88,4.0,
T-742fdb,A-fdfc91,,,23,urgent,120,3.0,
T-b45de1,A-a7bd4b,,,11,high,70,4.0,
T-0c38ce,A-bbe56f,,,27,urgent,79,4.0,
T-1f01f6,A-4bfa33,,,12,urgent,46,4.0,
T-5b2010,A-038089,,,14,medium,149,3.0,
T-2a5b2f,A-f92792,,,70,low,80,4.0,
T-a7ce4a,A-034368,,,19,high,124,4.0,
T-d6c9b1,A-a6d261,,,1,high,32,5.0,
T-8206e8,A-e43bf7,,,38,low,86,4.0,
T-fd832d,A-4ae22a,,,4,low,107,4.0,
T-3c6a06,A-c62e55,,,21,urgent,132,4.0,
T-bdc427,A-56962b,,,66,high,79,4.0,
T-d4a251,A-751bd4,,,15,urgent,127,3.0,
T-d57ae7,A-bf7919,,,17,low,110,5.0,
T-8a7eca,A-fa3095,,,68,urgent,132,5.0,
T-5df251,A-b179bf,,,52,high,139,4.0,
T-967ccc,A-acb7f7,,,50,urgent,144,4.0,
T-5bd570,A-dcc3f1,,,59,low,95,4.0,
T-9b7b66,A-13466a,,,21,high,77,5.0,
T-4b2c43,A-c4ea60,,,47,medium,83,3.0,
T-eeae26,A-0f3e88,,,60,low,104,5.0,
T-8ec963,A-bc4d48,,,43,high,133,3.0,
T-c8d035,A-bf7919,,,12,high,53,4.0,
T-686725,A-993085,,,50,medium,78,4.0,
T-926c1c,A-eb7c38,,,36,medium,119,5.0,
T-fcd24e,A-f1f639,,,22,high,27,5.0,
T-6db04f,A-ed510f,,,60,urgent,46,4.0,
T-f0e463,A-3cc791,,,70,low,75,5.0,
T-d89dd4,A-6dee43,,,41,urgent,64,5.0,
T-ad83da,A-fb186e,,,21,urgent,91,4.0,
T-c8c1c0,A-f446b6,,,14,low,25,4.0,
T-8402a1,A-1e6fc3,,,8,low,122,4.0,
T-d5bbc8,A-05d3b3,,,11,medium,19,4.0,
T-d370a4,A-fd7ad3,,,54,urgent,118,5.0,
T-fd84fa,A-08e34e,,,30,medium,170,3.0,
T-145a95,A-6f50ae,,,34,medium,144,5.0,
T-80284c,A-ce550d,,,50,urgent,64,3.0,
T-0d0582,A-ee42db,,,53,medium,5,4.0,
T-b03205,A-b9eed8,,,47,urgent,40,3.0,
T-935cb7,A-5f7781,,,51,high,21,4.0,
T-89db4e,A-31ab9a,,,63,medium,132,4.0,
T-787a34,A-396e5f,,,12,high,147,4.0,
T-c0b6ed,A-1986ca,,,55,urgent,30,3.0,
T-50b851,A-cea1f0,,,48,low,42,4.0,
T-c98c9f,A-832ec2,,,20,medium,68,4.0,
T-b5f0d3,A-016043,,,20,high,28,4.0,
T-699109,A-ced9aa,,,34,urgent,54,4.0,
T-9bde67,A-524364,,,59,high,59,4.0,
T-fcedc6,A-5a184f,,,37,high,33,4.0,
T-f7d63c,A-65a46c,,,44,urgent,4,4.0,
T-d62751,A-86cdb4,,,1,urgent,167,4.0,
T-22710d,A-1b707d,,,51,medium,53,4.0,
T-8384cf,A-d922bf,,,13,low,95,4.0,
T-05fd42,A-f45426,,,38,urgent,38,4.0,
T-37b102,A-0be015,,,24,high,133,4.0,
T-dc51a8,A-0532a9,,,27,low,6,4.0,
T-76ee80,A-fce879,,,27,urgent,49,5.0,
T-6ea0dd,A-a09355,,,4,low,87,4.0,
T-7fd978,A-22d9d2,,,10,urgent,8,4.0,
T-621fb8,A-7f8241,,,36,medium,135,3.0,
T-adcdc9,A-adc1f3,,,71,urgent,25,4.0,
T-6d98ab,A-ced9aa,,,46,high,124,4.0,
T-1cea26,A-bcf664,,,69,high,169,5.0,
T-c6dcaf,A-32fb14,,,63,low,24,4.0,
T-4bf7c6,A-463db0,,,4,low,171,4.0,
T-7dfa96,A-e888d1,,,64,low,98,4.0,
T-22b4a9,A-3cc791,,,58,urgent,48,3.0,
T-bf0575,A-78f02b,,,59,high,125,5.0,
T-0ca62f,A-e40f45,,,29,urgent,114,5.0,
T-20c0bf,A-2d4502,,,64,urgent,30,5.0,
T-1c2c18,A-ed510f,,,56,urgent,122,4.0,
T-e07558,A-296d7c,,,14,urgent,31,3.0,
T-d6be94,A-30b4ca,,,57,medium,125,4.0,
T-e6c083,A-443b7c,,,42,high,81,5.0,
T-134bb9,A-2bc93d,,,7,medium,44,5.0,
T-118f13,A-19b2c8,,,32,high,109,5.0,
T-956203,A-ccb686,,,67,high,30,4.0,
T-2ae381,A-f3ff05,,,50,medium,108,3.0,
T-897033,A-1b7577,,,63,urgent,157,3.0,
T-f14a3d,A-0be015,,,13,urgent,123,4.0,
T-6bdc37,A-80eeb6,,,41,high,89,5.0,
T-2fee89,A-42e5e1,,,27,high,124,4.0,
T-14ab7d,A-bece89,,,25,medium,63,5.0,
T-c9394b,A-427b69,,,6,medium,99,4.0,
T-7b4c85,A-5a215a,,,64,urgent,18,4.0,
T-ab2c55,A-45ce7a,,,42,medium,49,3.0,
T-11b816,A-9077b0,,,2,urgent,180,3.0,
T-d51f64,A-558c72,,,60,low,30,4.0,
T-675d69,A-19b2c8,,,32,medium,132,4.0,
T-9a1036,A-443b7c,,,31,urgent,51,5.0,
T-ba404b,A-8145a0,,,11,low,30,5.0,
T-9d4edb,A-9174e0,,,53,low,173,4.0,
T-2ca992,A-3f9cc0,,,44,high,28,4.0,
T-d9cb01,A-0baac2,,,58,urgent,104,4.0,
T-3fd10a,A-bcbe98,,,39,high,29,4.0,
T-df66b4,A-425e76,,,72,high,160,3.0,
T-16968a,A-e89151,,,29,medium,54,4.0,
T-a65a71,A-e89151,,,54,medium,43,5.0,
T-c28542,A-d49cc5,,,52,medium,32,4.0,
T-f3737d,A-1986ca,,,9,low,100,4.0,
T-fb84f7,A-ce550d,,,69,medium,90,5.0,
T-4db8d5,A-40a557,,,51,urgent,119,5.0,
T-9fc75b,A-4c6f11,,,54,high,173,5.0,
T-274882,A-3b37d9,,,32,medium,89,5.0,
T-8444c1,A-69fad4,,,71,medium,114,4.0,
T-d82bc4,A-157070,,,25,urgent,152,4.0,
T-604490,A-f9cc74,,,58,low,115,4.0,
T-55edb1,A-b9eed8,,,30,medium,87,5.0,
T-466dab,A-d82ef9,,,64,urgent,38,5.0,
T-dd5960,A-f19b24,,,13,urgent,73,4.0,
T-ef33cf,A-1e1b80,,,24,medium,16,4.0,
T-d8aafb,A-fa3095,,,54,low,91,4.0,
T-a14a68,A-86fc1d,,,64,high,38,3.0,
T-0e6900,A-d42431,,,30,medium,20,4.0,
T-5e66ab,A-c37601,,,19,urgent,180,4.0,
T-a5e537,A-186a44,,,62,high,176,3.0,
T-7e77dc,A-7cfe77,,,19,medium,42,4.0,
T-e2d68e,A-8ae3fc,,,69,high,14,4.0,
T-f6909c,A-5a92e7,,,47,medium,9,5.0,
T-154975,A-313be3,,,37,urgent,70,4.0,
T-2b6bb1,A-993085,,,68,high,33,4.0,
T-95452e,A-aa9511,,,57,urgent,61,4.0,
T-da0863,A-1e6fc3,,,22,high,2,5.0,
T-65d099,A-e60f9d,,,70,urgent,81,4.0,
T-5ceddb,A-4d1e75,,,3,medium,173,4.0,
T-4579d9,A-76fa4d,,,29,medium,57,5.0,
T-4669d1,A-4ae22a,,,30,low,101,3.0,
T-1acc04,A-8145a0,,,19,high,85,4.0,
T-284720,A-cc102e,,,1,low,93,3.0,
T-20d740,A-8145a0,,,38,medium,119,4.0,
T-df87ef,A-67be94,,,68,high,7,5.0,
T-9def1e,A-ffc04f,,,4,high,18,4.0,
T-0bc38a,A-c70870,,,19,low,159,5.0,
T-0de7f1,A-e7beab,,,25,low,172,4.0,
T-d4805c,A-1b9609,,,16,low,42,4.0,
T-b35070,A-39b19f,,,67,high,133,4.0,
T-73d14f,A-726cfa,,,61,low,142,4.0,
T-035748,A-e98302,,,56,urgent,133,4.0,
T-b918db,A-f25509,,,21,low,162,5.0,
T-3cdeb2,A-600734,,,65,medium,88,4.0,
T-7309d6,A-ccabf0,,,43,medium,43,4.0,
T-2795e4,A-09316c,,,69,low,81,3.0,
T-a32dd4,A-6a7c9d,,,27,high,13,4.0,
T-e41843,A-c9bb3e,,,30,high,119,4.0,
T-81a9e7,A-712f1c,,,43,medium,108,4.0,
T-38714f,A-fe79a5,,,7,high,63,4.0,
T-322072,A-8e47ca,,,35,high,130,4.0,
T-99b0b8,A-a0ca4e,,,59,low,148,3.0,
T-98be51,A-5790f4,,,70,medium,13,4.0,
T-bb7fa9,A-7f6b86,,,57,high,81,4.0,
T-0a3847,A-49b828,,,9,medium,20,3.0,
T-6dbff1,A-bcbe98,,,52,medium,11,3.0,
T-8be779,A-139c3b,,,21,low,5,4.0,
T-791dc9,A-0aaf6e,,,44,low,127,4.0,
T-b25f66,A-f3ff05,,,51,low,104,4.0,
T-992cf9,A-c9bb3e,,,16,medium,21,4.0,
T-d72e3b,A-bd4708,,,5,medium,34,3.0,
T-e46e71,A-9badbd,,,17,urgent,125,4.0,
T-c5ffb0,A-ce66f8,,,37,urgent,139,4.0,
T-cb3efb,A-e7beab,,,19,high,28,5.0,
T-885f5b,A-4e960a,,,13,low,141,4.0,
T-a45f3e,A-d792a6,,,45,urgent,174,4.0,
T-e834e7,A-310452,,,24,medium,46,4.0,
T-ddf662,A-5247b3,,,33,high,66,4.0,
T-210819,A-ed510f,,,11,medium,87,4.0,
T-416fb5,A-b9eed8,,,24,medium,114,3.0,
T-7cdb82,A-bd4513,,,71,medium,37,4.0,
T-c9f3f0,A-309e54,,,26,high,145,4.0,
T-45239b,A-7f6b86,,,65,high,29,4.0,
T-a61785,A-756192,,,59,urgent,17,4.0,
T-112307,A-9badbd,,,56,urgent,37,5.0,
T-8a14a4,A-ac85cd,,,61,medium,128,3.0,
T-4cf1f9,A-d792a6,,,14,urgent,125,4.0,
T-ae29f6,A-9a532a,,,45,high,176,4.0,
T-a5de10,A-ce550d,,,36,medium,98,4.0,
T-1ab00a,A-d922bf,,,52,low,30,4.0,
T-1b7db9,A-712533,,,40,low,145,5.0,
T-2b2d2d,A-39868b,,,55,medium,40,3.0,
T-66d5a0,A-671f31,,,17,urgent,153,4.0,
T-056486,A-86902e,,,34,medium,7,4.0,
T-afa224,A-bcbe98,,,58,urgent,1,4.0,
T-62614c,A-89ee83,,,11,urgent,32,4.0,
T-abeb65,A-c70870,,,55,low,10,4.0,
T-c16052,A-05d3b3,,,46,high,70,4.0,
T-5fff6a,A-9123ac,,,24,medium,169,4.0,
T-347ab6,A-cc102e,,,7,high,36,4.0,
T-3d947f,A-3932db,,,68,low,26,5.0,
T-921bf4,A-f97b9a,,,27,medium,109,4.0,
T-6b831b,A-9208f0,,,67,low,57,3.0,
T-c59e1a,A-40906c,,,37,low,127,3.0,
T-abd0a8,A-0354fe,,,1,high,107,3.0,
T-1e6dde,A-ac9111,,,40,urgent,89,4.0,
T-94b38c,A-503d5a,,,26,high,128,4.0,
T-399e29,A-bb1eaa,,,1,high,67,4.0,
T-8fd002,A-2d1036,,,48,low,53,4.0,
T-7bb8d5,A-1ac5e0,,,33,medium,50,4.0,
T-e062e2,A-378b99,,,39,high,106,3.0,
T-880bce,A-54d94a,,,71,low,118,4.0,
T-7b09d9,A-e19ff6,,,9,high,162,5.0,
T-306781,A-bb3bd4,,,57,medium,21,4.0,
T-9e2480,A-328bd0,,,70,high,26,4.0,
T-af5765,A-3c1a3f,,,19,low,44,3.0,
T-b60d4d,A-417d2f,,,52,high,20,5.0,
T-e33b60,A-c37601,,,53,low,23,3.0,
T-44e08c,A-45ce7a,,,50,medium,101,4.0,
T-8c6169,A-7dacce,,,7,high,135,3.0,
T-baf332,A-8145a0,,,18,medium,98,4.0,
T-e6d8dd,A-e4bf56,,,22,urgent,175,5.0,
T-52a57e,A-5b051a,,,2,urgent,2,3.0,
T-8f8c19,A-309e54,,,3,low,87,4.0,
T-5d46d9,A-fdfc91,,,11,high,148,4.0,
T-bc6854,A-d3c88e,,,49,high,98,4.0,
T-141b01,A-337bc1,,,19,medium,136,4.0,
T-b3739a,A-2f6a32,,,25,medium,139,3.0,
T-fa0eed,A-f25509,,,49,high,68,4.0,
T-bc6799,A-9f9299,,,71,medium,146,4.0,
T-90b336,A-d26ab4,,,52,urgent,148,4.0,
T-1ecc39,A-c7e58b,,,4,high,28,4.0,
T-4ecb7b,A-acb7f7,,,50,low,98,4.0,
T-76c486,A-089363,,,25,low,153,3.0,
T-20065b,A-1e1b80,,,57,high,54,4.0,
T-161f9c,A-6c093d,,,27,high,6,4.0,
T-1e8229,A-5790f4,,,4,medium,3,4.0,
T-aac2ca,A-18793f,,,38,low,155,4.0,
T-b6d936,A-cb6cc6,,,18,high,135,4.0,
T-6d8b81,A-117171,,,44,high,52,4.0,
T-2006d9,A-e40f45,,,48,high,157,4.0,
T-01e321,A-3ce5b8,,,46,medium,80,4.0,
T-cd5725,A-f6b2fb,,,72,high,155,4.0,
T-e727f3,A-39868b,,,60,medium,122,4.0,
T-22c308,A-6f50ae,,,45,low,105,5.0,
T-533b28,A-1b9609,,,65,high,26,4.0,
T-14571c,A-02fac6,,,36,low,176,5.0,
T-71ab14,A-f97b9a,,,43,medium,39,4.0,
T-7dca41,A-b48f73,,,46,low,62,4.0,
T-777bf4,A-0f6450,,,2,low,54,5.0,
T-d5f2dd,A-0532a9,,,38,high,86,3.0,
T-0fc8f9,A-fda07f,,,30,medium,110,3.0,
T-db2c10,A-0aaf6e,,,59,low,47,5.0,
T-89d6c4,A-40de06,,,16,medium,111,4.0,
T-4c383b,A-993085,,,37,low,109,3.0,
T-cce7ba,A-17939a,,,53,urgent,150,4.0,
T-2651ec,A-8e47ca,,,10,high,21,4.0,
T-673852,A-4e44e8,,,2,low,10,3.0,
T-d75ceb,A-9b9fe9,,,33,urgent,158,3.0,
T-49a11d,A-6c093d,,,36,medium,123,5.0,
T-274cf7,A-781cc0,,,71,low,9,3.0,
T-31021c,A-65a46c,,,62,low,116,3.0,
T-37d585,A-0f7d77,,,52,high,138,5.0,
T-d80a44,A-58b9ff,,,67,medium,38,4.0,
T-1e968e,A-484819,,,15,urgent,127,4.0,
T-e1d305,A-149a69,,,46,urgent,114,3.0,
T-74d3f4,A-038089,,,41,low,102,4.0,
T-b3cd04,A-5247b3,,,64,medium,51,5.0,
T-0cf3e3,A-0be015,,,66,medium,53,4.0,
T-b57da5,A-65a46c,,,3,urgent,107,4.0,
T-f59d6e,A-3c1a3f,,,58,low,99,4.0,
T-7772d1,A-104f1a,,,56,low,40,4.0,
T-c895a0,A-5a92e7,,,22,medium,3,3.0,
T-19ea5b,A-d4ac0e,,,18,low,15,4.0,
T-c8e32b,A-bc4d48,,,12,high,129,4.0,
T-3ca62f,A-3b37d9,,,16,urgent,103,4.0,
T-6684a4,A-cc8c8f,,,22,urgent,103,3.0,
T-d0a540,A-e5d6ab,,,54,high,11,4.0,
T-b456f1,A-c4ea60,,,5,low,22,5.0,
T-79975c,A-10b8f2,,,68,low,116,5.0,
T-1c3d56,A-3cc791,,,17,medium,151,4.0,
T-5fc181,A-a7bd4b,,,36,low,109,4.0,
T-4220fc,A-0f6450,,,27,low,70,3.0,
T-ddd1a5,A-ae052e,,,31,low,62,5.0,
T-bf2ee1,A-b2af2e,,,14,medium,99,4.0,
T-4a7bb7,A-6c093d,,,58,high,76,4.0,
T-ed85f6,A-05d3b3,,,14,medium,40,4.0,
T-601022,A-39b19f,,,43,low,32,5.0,
T-8027c4,A-66224b,,,28,low,113,3.0,
T-eed292,A-bb2f49,,,18,low,100,4.0,
T-779cd9,A-b11cd0,,,45,low,160,4.0,
T-1bf8d6,A-cc102e,,,64,medium,130,5.0,
T-a7d132,A-503d5a,,,19,low,41,4.0,
T-8ccee6,A-6e08f3,,,26,urgent,122,3.0,
T-c8afc4,A-19b2c8,,,24,medium,29,5.0,
T-cdfd31,A-1d5444,,,5,high,96,4.0,
T-13718e,A-a7bd4b,,,64,high,14,3.0,
T-2c8cf7,A-940b8b,,,62,urgent,57,3.0,
T-134994,A-0a62f5,,,59,high,153,4.0,
T-9f9f2d,A-4814a3,,,27,medium,57,4.0,
T-8b1e89,A-cbbe12,,,53,high,7,3.0,
T-3804b6,A-e98302,,,3,high,40,5.0,
T-862af5,A-e7beab,,,2,low,139,5.0,
T-09eea1,A-328bd0,,,40,medium,106,4.0,
T-e00e0a,A-6e7827,,,67,medium,81,4.0,
T-7d8c37,A-94d3da,,,14,low,4,5.0,
T-e4b581,A-ef84cf,,,16,low,11,4.0,
T-21da91,A-b9f5b1,,,32,low,121,3.0,
T-09e88f,A-bb2f49,,,14,urgent,45,4.0,
T-0854a1,A-0354fe,,,62,high,78,4.0,
T-f932f6,A-ef84cf,,,3,urgent,91,4.0,
T-ca7d9e,A-20736a,,,40,high,145,3.0,
T-c2e25a,A-50bb9f,,,16,medium,142,5.0,
T-f7e86b,A-10b8da,,,24,high,32,4.0,
T-6a7af3,A-d49cc5,,,5,urgent,134,5.0,
T-b65657,A-f92792,,,20,medium,84,4.0,
T-7df5b2,A-b78bf8,,,6,medium,161,5.0,
T-30fb5e,A-34ea2f,,,11,low,158,3.0,
T-0cd0f4,A-f6b2fb,,,40,high,56,4.0,
T-72295c,A-ad64c6,,,4,medium,60,4.0,
T-bf6b9b,A-35083d,,,52,high,87,5.0,
T-d7ff1e,A-558c72,,,71,urgent,91,4.0,
T-a2760f,A-68f37c,,,2,medium,169,4.0,
T-4cc0d7,A-558c72,,,60,medium,113,5.0,
T-6b7933,A-b7ef83,,,28,urgent,88,4.0,
T-9703b6,A-7df7a7,,,8,urgent,142,4.0,
T-f10d70,A-fda07f,,,6,high,3,4.0,
T-f09f22,A-ef84cf,,,62,urgent,54,5.0,
T-5ab106,A-f97b9a,,,43,low,45,4.0,
T-d67e21,A-4814a3,,,12,low,150,4.0,
T-39910e,A-019782,,,10,urgent,166,4.0,
T-0e1c0e,A-69b156,,,64,high,161,5.0,
T-e496a8,A-117171,,,22,medium,34,4.0,
T-1dbfc1,A-c42f1f,,,70,high,67,4.0,
T-de489a,A-692f18,,,55,high,96,5.0,
T-fd80a1,A-bcbe98,,,49,urgent,122,4.0,
T-0e39f9,A-726cfa,,,9,high,93,4.0,
T-027331,A-474ad4,,,18,medium,76,5.0,
T-324459,A-51ec1b,,,58,high,105,5.0,
T-2b0805,A-202b67,,,35,urgent,179,4.0,
T-1f5562,A-86902e,,,65,medium,69,4.0,
T-c2a8c2,A-779e4e,,,15,urgent,86,5.0,
T-dbe987,A-463db0,,,69,medium,25,4.0,
T-17b048,A-443b7c,,,24,urgent,44,3.0,
T-d3ac82,A-f17767,,,61,high,88,4.0,
T-3716d2,A-e61e98,,,71,medium,127,5.0,
T-c16096,A-e08cd3,,,57,urgent,148,4.0,
T-07968b,A-068fc6,,,62,low,123,4.0,
T-c6d16e,A-00bed1,,,28,urgent,107,4.0,
T-0088b7,A-ce550d,,,65,medium,173,3.0,
T-3a75b1,A-3be56b,,,60,low,61,4.0,
T-6a99e2,A-c42f1f,,,48,low,37,5.0,
T-646e6d,A-019782,,,10,urgent,48,3.0,
T-e81350,A-cea1f0,,,49,urgent,172,5.0,
T-866db3,A-f446b6,,,22,low,106,4.0,
T-faf9c4,A-40a557,,,21,low,143,4.0,
T-b475e9,A-f51f16,,,15,urgent,109,4.0,
T-911d71,A-dcc3f1,,,40,urgent,3,3.0,
T-861a59,A-3b37d9,,,28,medium,39,4.0,
T-ad1e6e,A-503d5a,,,58,medium,116,4.0,
T-8132dc,A-474ad4,,,33,urgent,11,4.0,
T-ad077a,A-6dee43,,,24,urgent,12,3.0,
T-09f4bd,A-ce66f8,,,34,medium,75,3.0,
T-cd1aee,A-1ac5e0,,,6,high,99,3.0,
T-ff778b,A-9badbd,,,16,low,47,4.0,
T-3090a7,A-f19409,,,5,medium,175,4.0,
T-e67195,A-3ce5b8,,,50,low,156,3.0,
T-0c9932,A-eb2fdc,,,16,medium,50,5.0,
T-b88fe0,A-34ea2f,,,7,medium,42,4.0,
T-e63e72,A-396e5f,,,21,high,125,4.0,
T-ae7b6e,A-4e44e8,,,21,urgent,45,3.0,
T-963409,A-5a92e7,,,17,urgent,127,4.0,
T-7faf10,A-600734,,,52,medium,79,4.0,
T-b9f162,A-20736a,,,57,high,131,4.0,
T-29acb7,A-68f37c,,,21,urgent,76,4.0,
T-1a05b7,A-2446e3,,,6,urgent,111,3.0,
T-202a0d,A-17939a,,,34,medium,7,4.0,
T-c44351,A-4d1e75,,,27,medium,24,4.0,
T-5c1ed6,A-de58ca,,,12,low,148,3.0,
T-e2e929,A-b07b56,,,28,high,43,3.0,
T-99e0a1,A-378b99,,,28,low,110,4.0,
T-ffc8ec,A-43a9e3,,,35,medium,41,3.0,
T-12b388,A-0354fe,,,15,medium,14,4.0,
T-3b6d69,A-ba6516,,,60,medium,90,4.0,
T-dd2674,A-3932db,,,19,high,158,5.0,
T-ae22ba,A-bb3bd4,,,3,low,178,4.0,
T-34421f,A-02fac6,,,16,high,179,3.0,
T-1018b1,A-1619f8,,,20,medium,89,4.0,
T-474619,A-139c3b,,,3,medium,88,5.0,
T-f925c6,A-425e76,,,16,high,162,4.0,
T-b6633c,A-02fac6,,,34,urgent,107,4.0,
T-7ddfa5,A-977ca0,,,56,high,117,4.0,
T-0a1945,A-798a3f,,,7,urgent,34,4.0,
T-5dbf5b,A-7cfe77,,,38,high,154,3.0,
T-ecf597,A-d42431,,,10,high,174,3.0,
T-cb2104,A-fb186e,,,9,low,6,5.0,
T-235e0a,A-ce66f8,,,70,medium,107,4.0,
T-9369c9,A-e351e1,,,41,urgent,51,3.0,
T-86a1f6,A-bb2f49,,,35,high,162,4.0,
T-1ba73b,A-e40f45,,,3,medium,75,3.0,
T-c863f8,A-94f8c9,,,69,low,141,5.0,
T-1ea354,A-ae052e,,,12,urgent,48,4.0,
T-611c1e,A-8e47ca,,,4,high,17,3.0,
T-6047ed,A-c45b23,,,61,high,25,4.0,
T-47ef6b,A-712426,,,1,medium,43,4.0,
T-2e8d9d,A-9ee962,,,8,low,31,4.0,
T-c400c4,A-7f6b86,,,15,high,39,4.0,
T-520606,A-43a9e3,,,15,urgent,89,5.0,
T-3f5174,A-a7bd4b,,,42,high,98,3.0,
T-3a9f01,A-038089,,,61,urgent,32,3.0,
T-91bbd1,A-427b69,,,57,urgent,120,3.0,
T-72bc99,A-ff3c73,,,5,urgent,116,4.0,
T-f29fb2,A-186a44,,,53,medium,103,4.0,
T-a01218,A-075038,,,50,high,104,3.0,
T-463295,A-3a7284,,,61,urgent,152,3.0,
T-464084,A-1f0636,,,60,high,82,4.0,
T-2188d7,A-f5641b,,,4,urgent,46,3.0,
T-474315,A-bb3bd4,,,41,urgent,139,4.0,
T-9bb199,A-af0cd2,,,69,urgent,152,4.0,
T-bd38ae,A-5a184f,,,5,medium,38,4.0,
T-6e3b72,A-3b5cd1,,,3,medium,22,4.0,
T-be97e7,A-7d514c,,,5,low,87,5.0,
T-5ceae7,A-92a3af,,,31,high,10,3.0,
T-b4c569,A-b48f73,,,1,high,4,5.0,
T-095fc4,A-9208f0,,,40,urgent,100,4.0,
T-e6b94b,A-7cfe77,,,47,low,143,3.0,
T-832df9,A-88c6ca,,,56,urgent,12,4.0,
T-0ceebb,A-72799b,,,55,high,104,5.0,
T-e6ff26,A-4e960a,,,20,urgent,130,4.0,
T-69f219,A-9289f6,,,64,high,26,4.0,
T-688401,A-1e1b80,,,34,high,94,3.0,
T-7620e2,A-54ecc2,,,33,high,129,4.0,
T-10020f,A-3932db,,,28,urgent,71,4.0,
T-a2eb91,A-4c56c9,,,58,medium,136,4.0,
T-57fa50,A-104f1a,,,53,high,118,5.0,
T-b9b80b,A-afa505,,,57,urgent,49,3.0,
T-dd1f11,A-bcbe98,,,34,medium,71,4.0,
T-c46a1b,A-86cdb4,,,31,medium,119,5.0,
T-7048cb,A-adc1f3,,,1,low,41,3.0,
T-65bdba,A-8ae05d,,,47,high,48,4.0,
T-da9797,A-bc87bc,,,45,high,160,3.0,
T-c786ff,A-c222ab,,,39,urgent,152,4.0,
T-f39a06,A-96e141,,,70,medium,58,4.0,
T-5a8cb8,A-9affe6,,,64,low,51,4.0,
T-580c71,A-068fc6,,,9,urgent,156,4.0,
T-2a19c6,A-52dd88,,,72,low,111,4.0,
T-836ae9,A-410e86,,,70,low,130,4.0,
T-895101,A-37f969,,,5,urgent,19,4.0,
T-203b1e,A-69b156,,,48,high,92,4.0,
T-6da9bc,A-396e5f,,,60,high,49,4.0,
T-0d73d3,A-ef84cf,,,59,low,143,4.0,
T-0f0bde,A-e888d1,,,51,medium,168,4.0,
T-b14d75,A-7641d3,,,52,medium,115,5.0,
T-8580fd,A-3a5ad8,,,50,urgent,149,4.0,
T-52fdaf,A-e08cd3,,,51,urgent,23,3.0,
T-0648e6,A-0e966d,,,12,low,113,4.0,
T-d93bf8,A-32728c,,,40,medium,51,3.0,
T-718543,A-f03140,,,65,urgent,46,3.0,
T-a61271,A-05d3b3,,,64,urgent,3,4.0,
T-0766ec,A-e351e1,,,5,low,100,3.0,
T-738fd8,A-7920cc,,,5,low,94,3.0,
T-3b09c6,A-49b828,,,26,medium,93,4.0,
T-946568,A-e40f45,,,27,medium,24,4.0,
T-1d4ad7,A-0be015,,,68,urgent,44,4.0,
T-69bbea,A-02fac6,,,16,medium,43,4.0,
T-b0f248,A-0be015,,,46,high,122,4.0,
T-676fdf,A-7920cc,,,26,medium,122,4.0,
T-80fc65,A-d82ef9,,,61,low,116,4.0,
T-7e129c,A-df10db,,,68,medium,46,3.0,
T-a0545c,A-484819,,,6,medium,152,4.0,
T-2c4195,A-ffc04f,,,8,low,175,5.0,
T-9fcefd,A-659280,,,2,low,91,4.0,
T-c752b7,A-e36807,,,13,high,145,5.0,
T-7c0dc3,A-b20d99,,,60,medium,32,4.0,
T-5cf4eb,A-ce550d,,,18,high,169,4.0,
T-b4957a,A-8ae3fc,,,2,urgent,73,4.0,
T-4a1a56,A-4e631b,,,29,urgent,86,4.0,
T-07694c,A-9779ad,,,9,high,96,4.0,
T-113483,A-1e50e0,,,22,urgent,116,4.0,
T-fc3f98,A-6f8ad2,,,50,urgent,17,4.0,
T-466cea,A-ced9aa,,,10,medium,70,4.0,
T-8caacd,A-eb7c38,,,5,urgent,56,4.0,
T-87f0f2,A-425e76,,,70,medium,164,3.0,
T-5df8d7,A-a6d261,,,49,medium,3,4.0,
T-7098db,A-117171,,,49,low,95,4.0,
T-39076a,A-b7724f,,,28,urgent,15,3.0,
T-ddcfa7,A-40906c,,,6,medium,84,3.0,
T-4f2be5,A-3ce5b8,,,45,medium,137,5.0,
T-91aaf3,A-e1462e,,,67,high,122,4.0,
T-39b9b3,A-779e4e,,,23,urgent,86,4.0,
T-3c3935,A-c1e51e,,,26,urgent,15,3.0,
T-7ff36c,A-0cc442,,,22,medium,11,4.0,
T-153c4f,A-297a2d,,,55,high,9,4.0,
T-2b9ac2,A-cbbe12,,,68,low,163,5.0,
T-59dfb0,A-82861f,,,59,medium,24,3.0,
T-ef9608,A-2bc93d,,,17,urgent,112,4.0,
T-77dffb,A-ee42db,,,11,medium,80,3.0,
T-77064e,A-cab532,,,32,low,175,4.0,
T-762eff,A-0f6450,,,28,low,46,3.0,
T-584792,A-d82ef9,,,51,low,121,4.0,
T-a67c6a,A-40de06,,,55,urgent,24,4.0,
T-0ebaee,A-659280,,,2,medium,178,4.0,
T-d035ff,A-86902e,,,54,urgent,22,4.0,
T-9e0fbe,A-42b791,,,38,urgent,34,3.0,
T-48a7e1,A-0baac2,,,44,low,79,4.0,
T-7dfcbc,A-ac9111,,,20,urgent,94,5.0,
T-011d44,A-dfbd31,,,13,low,159,4.0,
T-371908,A-d49cc5,,,7,low,53,4.0,
T-bc73ad,A-fd7ad3,,,45,low,103,5.0,
T-2d7007,A-bd4708,,,51,high,176,4.0,
T-1e7cbe,A-bb3bd4,,,25,high,158,4.0,
T-eaf4bf,A-f446b6,,,47,urgent,114,5.0,
T-885cc0,A-798a3f,,,10,high,33,5.0,
T-4e6353,A-ffc04f,,,29,low,123,4.0,
T-73bcc4,A-d27f50,,,35,medium,108,5.0,
T-882ab9,A-65c341,,,34,high,90,4.0,
T-88c429,A-700ade,,,26,urgent,22,4.0,
T-70430b,A-856b1e,,,25,low,8,4.0,
T-36a591,A-18793f,,,45,low,99,3.0,
T-016d69,A-f97b9a,,,43,high,85,4.0,
T-2a5b67,A-118d55,,,37,medium,47,5.0,
T-7976e4,A-50f3f7,,,70,medium,31,5.0,
T-d1973c,A-0532a9,,,55,low,88,4.0,
T-9dc012,A-fda07f,,,12,high,2,4.0,
T-d2dda8,A-81edc3,,,29,high,75,3.0,
T-c01944,A-c37cab,,,42,medium,146,3.0,
T-84745f,A-c16cf7,,,37,medium,165,4.0,
T-46f3a5,A-7c4956,,,11,low,64,4.0,
T-575b7e,A-e351e1,,,20,low,9,5.0,
T-2e8ffa,A-56962b,,,5,medium,153,4.0,
T-e65eaf,A-5b1bcd,,,43,urgent,14,4.0,
T-d23384,A-600734,,,69,high,74,4.0,
T-c512cd,A-86cdb4,,,5,high,81,3.0,
T-13a6c8,A-b44e3e,,,10,urgent,119,4.0,
T-c53a87,A-10b8da,,,37,high,105,4.0,
T-accc3f,A-53f4e3,,,36,urgent,55,4.0,
T-4d9add,A-6965e1,,,18,high,155,3.0,
T-391128,A-0dbdc6,,,70,medium,92,4.0,
T-02ebc4,A-0354fe,,,2,low,78,5.0,
T-95e4c4,A-484819,,,60,low,176,4.0,
T-2859a9,A-c1e51e,,,64,urgent,59,3.0,
T-80caf3,A-7641d3,,,55,urgent,123,4.0,
T-fc38c0,A-a1b80b,,,36,low,107,3.0,
T-d1454f,A-68f37c,,,17,medium,42,4.0,
T-f79198,A-0f7d77,,,25,medium,17,4.0,
T-2f8785,A-cdf020,,,2,low,121,5.0,
T-c961eb,A-f9cc74,,,50,medium,26,3.0,
T-5d144c,A-462d45,,,24,urgent,43,4.0,
T-bb236d,A-cd458b,,,45,urgent,61,5.0,
T-4616b9,A-17939a,,,66,high,105,5.0,
T-149155,A-5b4ebb,,,11,medium,17,4.0,
T-2ef7b5,A-a1bbb6,,,1,high,168,4.0,
T-b8a88e,A-94c3cd,,,55,medium,175,4.0,
T-e0928c,A-cbbe12,,,19,urgent,26,4.0,
T-86e8cc,A-ced9aa,,,17,low,147,4.0,
T-1070ee,A-bb1eaa,,,51,urgent,178,4.0,
T-c5474d,A-00cac8,,,65,urgent,149,4.0,
T-3c2ede,A-a1bbb6,,,16,high,147,4.0,
T-e18407,A-3b5cd1,,,60,urgent,92,4.0,
T-804db5,A-9f0b68,,,50,high,122,4.0,
T-ebcbc7,A-7e0a10,,,11,urgent,41,3.0,
T-b95195,A-cdf020,,,69,medium,28,4.0,
T-326fb6,A-1f559b,,,32,high,142,4.0,
T-4013e1,A-5b4ebb,,,70,low,18,5.0,
T-99dba7,A-dcc3f1,,,44,low,126,4.0,
T-cbc3ab,A-1f7acb,,,65,high,155,5.0,
T-2354bb,A-d26ab4,,,47,medium,72,4.0,
T-4e07bf,A-600734,,,14,urgent,123,3.0,
T-c39af4,A-149a69,,,65,low,59,4.0,
T-4ebe83,A-6e7827,,,35,low,86,3.0,
T-00f542,A-158f4e,,,24,medium,83,5.0,
T-75271b,A-751bd4,,,19,medium,101,4.0,
T-dfd61e,A-b2af2e,,,65,low,91,4.0,
T-a56288,A-4a267b,,,5,high,25,5.0,
T-f45502,A-781cc0,,,64,high,120,5.0,
T-3bc756,A-a0ca4e,,,10,low,129,4.0,
T-eb6b8e,A-02cd81,,,9,high,99,4.0,
T-d8ba4b,A-ffc04f,,,1,medium,17,5.0,
T-01c405,A-c16b88,,,36,medium,121,4.0,
T-e6d7c6,A-c58f49,,,13,medium,95,5.0,
T-0f7d84,A-a6d261,,,48,medium,81,4.0,
T-ca8cb0,A-2b9d3e,,,28,low,127,5.0,
T-5d7ef5,A-9ee962,,,64,high,23,4.0,
T-b1720e,A-bb1486,,,13,high,118,4.0,
T-78fcb1,A-39868b,,,18,urgent,16,5.0,
T-3b9fea,A-f97b9a,,,5,low,58,4.0,
T-5df3d2,A-c42f1f,,,37,high,97,4.0,
T-8206d0,A-9bfc9f,,,47,urgent,21,4.0,
T-fa1316,A-712426,,,60,low,169,4.0,
T-ac52cc,A-87aa7b,,,1,medium,64,4.0,
T-e8ac58,A-1ac5e0,,,45,medium,21,5.0,
T-cddf95,A-bcf87c,,,70,medium,40,3.0,
T-f0aca7,A-1b9609,,,62,urgent,74,3.0,
T-c6ee94,A-f446b6,,,18,high,127,4.0,
T-9e6b9a,A-39868b,,,50,high,144,4.0,
T-b04488,A-d40bf7,,,14,urgent,80,5.0,
T-2b0275,A-22f2df,,,57,high,49,4.0,
T-49f7fa,A-68f37c,,,18,high,139,4.0,
T-6676f9,A-3d957b,,,53,high,40,3.0,
T-820846,A-180abf,,,10,medium,44,4.0,
T-d66f0f,A-8b25f2,,,52,medium,15,5.0,
T-4486bf,A-1619f8,,,47,urgent,152,4.0,
T-b51da1,A-354f12,,,66,low,104,4.0,
T-e34acc,A-9bfc9f,,,27,low,30,3.0,
T-8d5902,A-e61e98,,,39,medium,58,5.0,
T-7d878f,A-54d94a,,,67,medium,18,3.0,
T-508c6e,A-151c9a,,,23,medium,176,3.0,
T-233db8,A-a0ca4e,,,34,low,133,3.0,
T-e112be,A-34ea2f,,,40,urgent,74,4.0,
T-d6e90f,A-e4bf56,,,69,urgent,142,3.0,
T-f97a8b,A-0e966d,,,22,medium,100,5.0,
T-ed09ab,A-94d3da,,,25,high,130,4.0,
T-2537ea,A-5a3eb9,,,40,high,71,4.0,
T-17884a,A-104f1a,,,34,medium,38,3.0,
T-2d3ea5,A-e4bf56,,,26,urgent,124,4.0,
T-4d29dc,A-5a92e7,,,25,urgent,147,4.0,
T-273811,A-029f69,,,49,low,85,4.0,
T-ce9e96,A-7a0d69,,,22,high,22,5.0,
T-d3a975,A-3ce5b8,,,34,urgent,169,3.0,
T-2e98ad,A-854864,,,54,medium,90,5.0,
T-d6da92,A-2d1036,,,7,urgent,83,5.0,
T-7b5fdd,A-5a184f,,,4,low,56,5.0,
T-629f53,A-37f969,,,19,low,176,4.0,
T-f367ef,A-c7ffc2,,,63,low,143,4.0,
T-2b2a49,A-39b19f,,,28,medium,174,4.0,
T-e6e80e,A-ffc04f,,,21,urgent,21,4.0,
T-df5e8e,A-b48f73,,,39,high,40,3.0,
T-bf2cc6,A-e2cd1b,,,32,high,162,3.0,
T-b43b6a,A-4ae22a,,,9,urgent,10,4.0,
T-d553b7,A-39b19f,,,25,low,5,4.0,
T-0313d4,A-ad64c6,,,52,medium,173,4.0,
T-8d4cd3,A-f25509,,,68,high,169,4.0,
T-67350b,A-8adedc,,,18,low,19,4.0,
T-81c410,A-3f9cc0,,,56,urgent,138,4.0,
T-e6e1ba,A-d922bf,,,41,medium,146,4.0,
T-91edfc,A-92a3af,,,57,medium,68,4.0,
T-51cf8c,A-fe79a5,,,7,medium,123,5.0,
T-ea95ef,A-751c58,,,32,medium,147,4.0,
T-10ac61,A-2d4502,,,2,urgent,171,5.0,
T-902d96,A-76fa4d,,,59,high,147,4.0,
T-317894,A-0651a4,,,1,high,135,3.0,
T-4e9902,A-42b791,,,13,high,162,5.0,
T-2d6f9d,A-fabe19,,,32,urgent,63,4.0,
T-21a62a,A-bc4d48,,,9,medium,104,5.0,
T-435417,A-02cd81,,,6,urgent,44,5.0,
T-f0ad1e,A-940b8b,,,15,low,164,5.0,
T-9a49dd,A-3ce5b8,,,42,high,65,4.0,
T-20d400,A-c9bb3e,,,35,high,169,4.0,
T-437e48,A-9174e0,,,25,urgent,161,5.0,
T-1948cd,A-bc87bc,,,51,medium,28,4.0,
T-b9ca29,A-e98302,,,64,low,37,4.0,
T-f9f1f5,A-e19ff6,,,51,high,109,4.0,
T-437b2d,A-95b24a,,,33,high,12,3.0,
T-12a7d7,A-80eeb6,,,2,low,59,3.0,
T-99ec8e,A-f9cc74,,,63,low,129,3.0,
T-cb95ef,A-c4ea60,,,58,low,74,3.0,
T-27d929,A-10b8f2,,,59,urgent,26,5.0,
T-6faf48,A-7c83a1,,,3,high,82,5.0,
T-7b5e96,A-b9eed8,,,23,high,162,4.0,
T-cc3d2a,A-b11cd0,,,7,medium,104,4.0,
T-99abf9,A-2edab2,,,1,high,135,3.0,
T-9eecab,A-f3ff05,,,27,high,122,4.0,
T-276a05,A-c37cab,,,62,high,144,3.0,
T-1e080e,A-712426,,,15,urgent,66,5.0,
T-da9234,A-7da956,,,35,medium,112,5.0,
T-a6cf94,A-1b707d,,,32,medium,160,4.0,
T-78ed7c,A-b07346,,,70,high,31,4.0,
T-82f258,A-ff3c73,,,66,medium,79,3.0,
T-256979,A-038089,,,9,low,96,4.0,
T-8e9bd1,A-1f7acb,,,70,medium,131,5.0,
T-544625,A-a8b49c,,,72,low,105,4.0,
T-298948,A-fdfc91,,,53,urgent,105,4.0,
T-21611f,A-82861f,,,29,low,19,3.0,
T-24643b,A-d922bf,,,2,low,130,3.0,
T-2708ab,A-96e141,,,8,medium,42,4.0,
T-5e7096,A-44dc83,,,47,low,35,4.0,
T-7ba83f,A-ffc04f,,,47,high,47,4.0,
T-e14078,A-e2cd1b,,,2,urgent,16,4.0,
T-f2e96f,A-96e141,,,17,urgent,130,4.0,
T-519a0a,A-f5641b,,,62,medium,132,4.0,
T-dca519,A-ce66f8,,,7,urgent,47,4.0,
T-b9e44a,A-1ac5e0,,,62,medium,13,4.0,
T-17e8e9,A-7c6b6b,,,33,high,63,5.0,
T-82ae01,A-49b828,,,6,medium,150,4.0,
T-e51e43,A-4e960a,,,13,low,41,5.0,
T-45e6da,A-1e6fc3,,,33,low,120,3.0,
T-b5aa6f,A-7c83a1,,,44,low,85,4.0,
T-93a37f,A-95b24a,,,9,high,74,4.0,
T-6e76a6,A-625d0b,,,37,urgent,141,4.0,
T-09dd85,A-fd7ad3,,,14,low,12,3.0,
T-1cd0a4,A-35083d,,,54,low,61,5.0,
T-d5ea25,A-9289f6,,,59,low,56,5.0,
T-a4d85c,A-0f6450,,,56,medium,37,3.0,
T-db00f6,A-c1e51e,,,32,urgent,101,3.0,
T-6c817f,A-6da850,,,71,urgent,69,4.0,
T-1bcdb6,A-cbd1a3,,,3,medium,12,4.0,
T-c475b2,A-712533,,,23,high,76,4.0,
T-a3df20,A-39ddf4,,,68,high,118,4.0,
T-7214d0,A-443f6f,,,13,urgent,42,5.0,
T-4cc9eb,A-bc87bc,,,67,low,46,5.0,
T-c1ca2b,A-7920cc,,,33,low,150,5.0,
T-9f48ae,A-22d9d2,,,19,medium,87,5.0,
T-63aaba,A-241e75,,,40,medium,21,4.0,
T-bb3cde,A-bbc346,,,50,urgent,128,4.0,
T-4336b6,A-ed510f,,,57,low,19,4.0,
T-c30ac0,A-2f6a32,,,57,medium,5,4.0,
T-a80aac,A-443b7c,,,35,medium,12,4.0,
T-37c256,A-856b1e,,,65,low,133,4.0,
T-334013,A-3be56b,,,65,medium,96,4.0,
T-970159,A-e888d1,,,46,urgent,95,4.0,
T-ded4a8,A-0a282f,,,48,urgent,35,5.0,
T-9f7253,A-883b7d,,,17,urgent,144,4.0,
T-0a9b1f,A-9208f0,,,19,medium,166,4.0,
T-fa88e4,A-95b24a,,,8,high,122,5.0,
T-665175,A-883b7d,,,21,urgent,13,3.0,
T-2ca24a,A-42e5e1,,,18,high,51,4.0,
T-7bc25b,A-337bc1,,,21,medium,7,4.0,
T-df171c,A-09540c,,,29,high,72,4.0,
T-ed6cdf,A-977ca0,,,72,medium,100,4.0,
T-07f485,A-55f257,,,53,urgent,150,5.0,
T-09825e,A-dbc825,,,22,urgent,34,4.0,
T-bc2607,A-39b19f,,,65,high,155,5.0,
T-df9fc9,A-43a9e3,,,64,urgent,90,4.0,
T-f9ca4b,A-8ed5dd,,,21,low,180,5.0,
T-8d4c7f,A-f446b6,,,55,urgent,68,4.0,
T-a9fa22,A-9a532a,,,70,low,81,4.0,
T-216c7c,A-fa3095,,,26,low,71,5.0,
T-650a6d,A-fe79a5,,,66,high,26,5.0,
T-b01917,A-625d0b,,,64,high,135,4.0,
T-b154de,A-600734,,,71,urgent,57,4.0,
T-8ece2f,A-9123ac,,,3,urgent,102,5.0,
T-e12097,A-86fc1d,,,26,urgent,29,5.0,
T-9e1726,A-5fe118,,,19,urgent,26,4.0,
T-e45d87,A-296d7c,,,28,low,139,5.0,
T-4da38c,A-42e5e1,,,42,low,69,4.0,
T-4fd4ae,A-e7beab,,,54,low,110,4.0,
T-10a089,A-9c18c4,,,56,high,165,4.0,
T-73db23,A-89ee83,,,29,urgent,146,4.0,
T-ebb149,A-0baac2,,,40,high,154,5.0,
T-6b1dfe,A-832ec2,,,4,high,87,4.0,
T-418d3f,A-e98302,,,16,medium,84,4.0,
T-22724b,A-94c3cd,,,61,high,145,3.0,
T-57b938,A-dfbd31,,,65,high,145,4.0,
T-9ce175,A-82d8a6,,,11,medium,164,4.0,
T-1173d2,A-7641d3,,,44,high,88,3.0,
T-fbc3c3,A-65a46c,,,39,urgent,51,4.0,
T-383e2b,A-86fc1d,,,17,urgent,140,4.0,
T-8cb85f,A-d82ef9,,,10,urgent,34,4.0,
T-2b566c,A-cbd1a3,,,70,medium,167,4.0,
T-f93d8a,A-e83938,,,8,medium,41,4.0,
T-1374f5,A-6f50ae,,,26,medium,59,4.0,
T-4adbf1,A-149a69,,,53,urgent,169,4.0,
T-67bfa4,A-eb7fac,,,37,urgent,75,4.0,
T-9f2d91,A-2e3bad,,,18,low,110,4.0,
T-320686,A-7c5768,,,8,high,170,5.0,
T-a838f4,A-e36807,,,69,medium,159,4.0,
T-d9f5fb,A-ab438f,,,63,urgent,86,4.0,
T-4dc68c,A-1f0ac7,,,14,low,174,4.0,
T-5ef304,A-faa28c,,,44,low,139,4.0,
T-cfec7f,A-089363,,,21,medium,75,4.0,
T-9b3a8d,A-f1f639,,,21,urgent,90,4.0,
T-706e49,A-5b1bcd,,,58,low,124,4.0,
T-a9e396,A-8adedc,,,54,low,124,4.0,
T-9df65f,A-c42f1f,,,36,urgent,8,4.0,
T-0e9c68,A-3d957b,,,45,urgent,125,4.0,
T-ff4462,A-702032,,,3,high,140,4.0,
T-e8df78,A-e83938,,,3,low,52,3.0,
T-082788,A-00bed1,,,6,urgent,174,4.0,
T-41c4aa,A-f45426,,,11,low,144,4.0,
T-559617,A-69b156,,,20,high,30,4.0,
T-91b90d,A-e08cd3,,,17,high,109,4.0,
T-9f53ca,A-1b9609,,,29,high,157,4.0,
T-aba492,A-3793ee,,,9,low,36,4.0,
T-b1c40d,A-139c3b,,,13,low,37,4.0,
T-b68fa5,A-e08cd3,,,11,medium,101,4.0,
T-13b65c,A-e43bf7,,,18,urgent,135,5.0,
T-2c42d0,A-e693b6,,,1,urgent,144,3.0,
T-583d4d,A-df1e44,,,38,medium,91,5.0,
T-19c13c,A-fdfc91,,,13,urgent,177,4.0,
T-671909,A-310452,,,58,medium,60,5.0,
T-cdecbd,A-9c18c4,,,12,low,133,3.0,
T-8934e8,A-92a3af,,,71,medium,49,4.0,
T-9d9a08,A-66224b,,,66,urgent,105,3.0,
T-27d2a6,A-fda07f,,,31,low,102,4.0,
T-f5bee9,A-c16cf7,,,51,low,124,3.0,
T-4f404a,A-bb1486,,,2,high,115,4.0,
T-454d17,A-b3fe05,,,17,urgent,90,3.0,
T-61208e,A-2789e3,,,67,medium,3,4.0,
T-3e18cf,A-35083d,,,60,high,152,4.0,
T-ead922,A-86902e,,,6,urgent,16,5.0,
T-da4f37,A-69b156,,,9,low,161,4.0,
T-0e6a8b,A-b44e3e,,,71,medium,66,4.0,
T-a1bceb,A-3a7284,,,41,high,105,4.0,
T-57367e,A-b3fe05,,,63,high,39,4.0,
T-0aeed3,A-e5d6ab,,,24,low,151,4.0,
T-60c7c9,A-02fac6,,,28,low,45,4.0,
T-c67fd7,A-d3c88e,,,53,urgent,30,4.0,
T-2521f4,A-812c5b,,,14,urgent,13,4.0,
T-2066b3,A-80eeb6,,,50,urgent,87,3.0,
T-47940c,A-a865bd,,,42,medium,34,3.0,
T-c17382,A-9f0b68,,,4,urgent,89,3.0,
T-574fcf,A-09540c,,,27,medium,106,5.0,
T-baea58,A-6e08f3,,,47,low,152,4.0,
T-136b9e,A-e4144b,,,54,high,164,4.0,
T-14733a,A-0b0d6d,,,16,high,155,5.0,
T-2fc301,A-7c4956,,,11,high,102,4.0,
T-5f7300,A-54d94a,,,59,medium,117,4.0,
T-d84002,A-1619f8,,,59,low,2,5.0,
T-d85104,A-f9cc74,,,23,low,151,5.0,
T-b6eb59,A-0532a9,,,17,medium,4,4.0,
T-6c4112,A-bece89,,,44,urgent,56,4.0,
T-da4869,A-342303,,,12,medium,79,5.0,
T-81b73d,A-ccc747,,,61,medium,9,4.0,
T-a6e8f4,A-751c58,,,68,low,172,4.0,
T-6b989d,A-328bd0,,,65,high,49,4.0,
T-2694cc,A-2ebb4b,,,51,high,124,3.0,
T-60bb06,A-417d2f,,,56,low,144,4.0,
T-e733d2,A-c1dfe1,,,53,low,133,4.0,
T-1103cb,A-40906c,,,5,low,113,5.0,
T-7a5dca,A-d792a6,,,67,high,28,4.0,
T-9b4be2,A-1b7577,,,42,low,112,5.0,
T-4d5634,A-13466a,,,71,medium,76,3.0,
T-06d051,A-cc1d8d,,,1,medium,94,4.0,
T-f62fdf,A-854864,,,12,high,23,4.0,
T-f255e4,A-40a557,,,29,medium,146,3.0,
T-fad580,A-410e86,,,57,low,103,3.0,
T-1dd5b9,A-1b7577,,,2,high,74,4.0,
T-7d4d61,A-4f18f0,,,71,urgent,75,5.0,
T-659542,A-443f6f,,,13,low,167,4.0,
T-742d41,A-149a69,,,9,medium,63,5.0,
T-b72962,A-410e86,,,61,medium,128,4.0,
T-fb779c,A-5b1bcd,,,67,urgent,89,4.0,
T-b43d8e,A-3cc791,,,20,low,84,4.0,
T-204881,A-671f31,,,28,urgent,80,5.0,
T-3d5a91,A-bb1eaa,,,6,urgent,78,5.0,
T-3aa7e7,A-69b156,,,33,low,96,4.0,
T-c195e0,A-075038,,,37,high,4,3.0,
T-7dc53f,A-8b25f2,,,19,low,86,3.0,
T-1b9c71,A-f03140,,,52,high,79,4.0,
T-921d17,A-eb2fdc,,,24,low,50,4.0,
T-16a224,A-4437e4,,,37,medium,134,4.0,
T-95e4a6,A-4a4c2d,,,44,high,128,5.0,
T-c014ff,A-40de06,,,50,low,68,4.0,
T-ca352f,A-22d9d2,,,31,high,140,4.0,
T-83656f,A-117171,,,34,low,33,4.0,
T-863c07,A-34d880,,,42,urgent,12,3.0,
T-aeb97e,A-922109,,,1,medium,151,4.0,
T-56fa73,A-2e3bad,,,71,low,49,4.0,
T-519f79,A-702032,,,13,low,176,3.0,
T-5b3664,A-751c58,,,8,low,60,4.0,
T-db5a57,A-66224b,,,46,high,43,5.0,
T-b52bf0,A-855a48,,,34,high,157,4.0,
T-3b9875,A-4a267b,,,52,urgent,168,4.0,
T-ba77b3,A-bc87bc,,,24,high,136,4.0,
T-762c9d,A-86902e,,,31,high,118,4.0,
T-4b2bf5,A-e7a1e2,,,45,low,37,4.0,
T-49e4f6,A-a45270,,,57,high,46,4.0,
T-5bca42,A-0532a9,,,18,low,62,4.0,
T-a2a84a,A-d792a6,,,45,medium,36,4.0,
T-53a3f9,A-2e4581,,,19,high,118,4.0,
T-dc9ef3,A-139c3b,,,64,urgent,63,4.0,
T-3830ca,A-5c9849,,,49,urgent,7,4.0,
T-c18da8,A-7f6b86,,,2,high,91,4.0,
T-4630ac,A-67be94,,,33,urgent,47,4.0,
T-d65b5b,A-328bd0,,,47,medium,103,3.0,
T-539103,A-65a46c,,,68,urgent,134,3.0,
T-2b8a81,A-9affe6,,,50,urgent,12,3.0,
T-8416bb,A-9affe6,,,60,high,165,4.0,
T-42efc2,A-2e3bad,,,23,high,159,4.0,
T-0171b1,A-4a4c2d,,,54,high,153,4.0,
T-93c07c,A-17939a,,,8,low,152,4.0,
T-6ba61d,A-484819,,,66,high,165,4.0,
T-d466fd,A-65c341,,,2,high,122,4.0,
T-04c2d4,A-0dbdc6,,,37,low,86,4.0,
T-a6af13,A-84ebe4,,,35,low,149,4.0,
T-aacbf9,A-7920cc,,,43,medium,160,4.0,
T-ede109,A-de24d5,,,69,medium,165,4.0,
T-578a17,A-5790f4,,,72,low,133,4.0,
T-10521d,A-8ae3fc,,,28,urgent,110,3.0,
T-6816fd,A-d4ac0e,,,16,medium,28,3.0,
T-5d5c80,A-684255,,,10,urgent,153,4.0,
T-454c29,A-c43359,,,46,urgent,176,4.0,
T-6bfc83,A-bc87bc,,,49,urgent,59,4.0,
T-74476f,A-bb3bd4,,,53,low,145,4.0,
T-a89311,A-44dc83,,,65,urgent,93,4.0,
T-b9e950,A-bd4708,,,11,low,151,4.0,
T-c4a1cf,A-1e1b80,,,43,urgent,59,3.0,
T-5b26fc,A-fd9422,,,30,medium,47,3.0,
T-82577a,A-56962b,,,13,low,117,4.0,
T-116765,A-c4ea60,,,20,urgent,65,4.0,
T-2ac4b6,A-779e4e,,,22,low,36,3.0,
T-bdc16a,A-9077b0,,,51,high,53,5.0,
T-d03843,A-883b7d,,,18,urgent,14,4.0,
T-17f85e,A-bece89,,,35,urgent,133,3.0,
T-ce4793,A-40906c,,,66,urgent,60,4.0,
T-c7e31c,A-3cc791,,,54,high,179,4.0,
T-d3800a,A-5a3eb9,,,27,urgent,49,4.0,
T-50cda9,A-700ade,,,17,urgent,117,5.0,
T-ee1ef3,A-b11cd0,,,66,medium,141,3.0,
T-0aca85,A-8bde0c,,,13,medium,153,4.0,
T-22968c,A-0cc442,,,31,low,21,4.0,
T-f0ac4b,A-4437e4,,,56,high,15,3.0,
T-f660fd,A-526d93,,,63,urgent,161,4.0,
T-772188,A-fda07f,,,10,urgent,68,5.0,
T-b181e3,A-65c341,,,69,urgent,25,4.0,
T-d01651,A-7988d1,,,52,urgent,61,5.0,
T-2422ea,A-526d93,,,63,high,49,4.0,
T-7929a5,A-c16b88,,,56,high,158,3.0,
T-34db33,A-625d0b,,,53,medium,21,4.0,
T-e58f06,A-7f4db3,,,29,high,155,3.0,
T-5ed6b6,A-d42431,,,10,urgent,176,4.0,
T-e9516d,A-1986ca,,,24,urgent,107,4.0,
T-0016ab,A-560d27,,,67,medium,58,3.0,
T-f4724a,A-068fc6,,,46,urgent,104,4.0,
T-9b56ac,A-69b156,,,22,medium,156,3.0,
T-699684,A-c42f1f,,,57,medium,140,4.0,
T-cd31c2,A-0651a4,,,47,high,9,4.0,
T-133e5c,A-17939a,,,71,urgent,85,4.0,
T-afb7aa,A-f45426,,,2,urgent,25,4.0,
T-b91fc6,A-d922bf,,,72,high,175,4.0,
T-cbdb70,A-f1f639,,,15,medium,167,4.0,
T-87b6c4,A-716841,,,37,medium,119,4.0,
T-d9e61f,A-b54c01,,,55,low,48,4.0,
T-5b0a56,A-78f02b,,,68,medium,42,4.0,
T-e7c6b3,A-51ec1b,,,28,medium,171,5.0,
T-016258,A-ed510f,,,51,low,48,4.0,
T-7935c3,A-d4e0d4,,,56,low,114,5.0,
T-f7a0c0,A-544d0a,,,50,urgent,35,3.0,
T-288bdf,A-038089,,,39,high,102,5.0,
T-ccab6b,A-adc1f3,,,70,high,129,4.0,
T-a3d4db,A-0aaf6e,,,12,medium,38,4.0,
T-61605e,A-671f31,,,25,medium,68,4.0,
T-63500c,A-bc4d48,,,63,high,4,3.0,
T-0ae05a,A-7cfe77,,,1,medium,38,4.0,
T-6a8698,A-117171,,,13,medium,59,3.0,
T-00b930,A-bbe56f,,,23,high,179,4.0,
T-a289f8,A-2446e3,,,72,medium,55,5.0,
T-65b231,A-a6d261,,,62,low,137,5.0,
T-4f5aab,A-186a44,,,19,high,35,4.0,
T-67eb6f,A-712f1c,,,51,urgent,46,4.0,
T-87a53c,A-2d4502,,,13,medium,45,4.0,
T-1c81a5,A-1f7acb,,,42,high,40,5.0,
T-de8424,A-f1f639,,,3,low,19,4.0,
T-ec6d18,A-4e0e85,,,56,high,110,5.0,
T-699941,A-7d514c,,,43,urgent,23,4.0,
T-1e5e13,A-249769,,,16,high,180,3.0,
T-687ec1,A-0dbdc6,,,60,high,65,5.0,
T-88702a,A-50f3f7,,,16,high,13,4.0,
T-3196fb,A-dfbd31,,,18,high,68,4.0,
T-4e7b8f,A-e51ec7,,,51,medium,94,4.0,
T-0652b3,A-cbbe12,,,23,urgent,53,5.0,
T-c50b96,A-149a69,,,31,urgent,141,4.0,
T-220f5a,A-7c5768,,,62,urgent,61,4.0,
T-399dc3,A-462d45,,,29,medium,127,4.0,
T-73a01a,A-2789e3,,,33,medium,140,4.0,
T-f07874,A-cb5333,,,20,urgent,89,4.0,
T-d8b95c,A-82861f,,,6,urgent,5,4.0,
T-88d958,A-4c6f11,,,60,urgent,2,3.0,
T-fa61ed,A-5c046d,,,13,low,128,3.0,
T-0b025f,A-c37cab,,,27,high,87,5.0,
T-8ab508,A-0f7d77,,,13,high,82,4.0,
T-be7c14,A-34ea2f,,,25,low,77,4.0,
T-217098,A-2d1036,,,50,low,8,5.0,
T-80157c,A-6f50ae,,,49,urgent,46,4.0,
T-67c060,A-883b7d,,,43,low,72,3.0,
T-d3b3e1,A-de24d5,,,9,medium,152,4.0,
T-c79d58,A-463db0,,,49,medium,32,4.0,
T-4f391f,A-86fc1d,,,9,high,59,4.0,
T-fa6044,A-f1f639,,,19,high,124,5.0,
T-617256,A-6843f2,,,12,medium,134,3.0,
T-81da6c,A-337bc1,,,37,high,78,3.0,
T-637137,A-2b9d3e,,,33,high,68,4.0,
T-837699,A-751bd4,,,21,urgent,174,5.0,
T-2748bc,A-0e966d,,,61,high,73,4.0,
T-538074,A-6a4e2d,,,22,low,156,4.0,
T-7480c9,A-4f18f0,,,31,low,39,4.0,
T-0d0fed,A-ff79f2,,,37,medium,29,4.0,
T-a64b83,A-f97b9a,,,2,urgent,121,4.0,
T-563a64,A-b9f5b1,,,25,medium,15,3.0,
T-2cb775,A-e351e1,,,2,low,101,4.0,
T-c83359,A-9208f0,,,20,low,25,3.0,
T-47a586,A-c43359,,,2,high,43,4.0,
T-948932,A-afa505,,,36,low,116,4.0,
T-87bb00,A-c70870,,,24,medium,62,3.0,
T-fd629f,A-dcc3f1,,,17,high,52,4.0,
T-04dbe2,A-22d9d2,,,14,urgent,25,4.0,
T-b55b60,A-659280,,,22,low,50,5.0,
T-0721f7,A-a1b80b,,,36,low,15,5.0,
T-394a48,A-296d7c,,,67,low,170,4.0,
T-9d7afa,A-86fc1d,,,19,urgent,30,4.0,
T-207054,A-331424,,,29,medium,43,4.0,
T-f8e692,A-ed510f,,,26,low,110,4.0,
T-80126f,A-94d3da,,,16,urgent,52,3.0,
T-bcd0eb,A-b3fe05,,,47,high,173,3.0,
T-53266e,A-337bc1,,,53,high,30,5.0,
T-2e22ae,A-69b156,,,28,high,8,4.0,
T-c42d1d,A-fd9422,,,52,urgent,79,4.0,
T-3ec5db,A-8ed5dd,,,48,urgent,84,3.0,
T-55400f,A-84ebe4,,,5,medium,133,4.0,
T-32884f,A-18793f,,,44,high,5,5.0,
T-9b7861,A-c16101,,,37,high,23,5.0,
T-9efe75,A-55f257,,,65,low,13,5.0,
T-e4d183,A-44dc83,,,24,low,6,5.0,
T-96c05e,A-02fac6,,,10,medium,53,4.0,
T-7e7eb8,A-d77f4c,,,54,low,68,3.0,
T-8b710d,A-b179bf,,,9,low,6,4.0,
T-50ec38,A-de58ca,,,42,high,127,3.0,
T-ad5952,A-202b67,,,8,urgent,23,5.0,
T-7ebbcc,A-ba6516,,,15,urgent,71,4.0,
T-4f7055,A-e61e98,,,41,urgent,117,3.0,
T-cc8d03,A-69fad4,,,46,medium,22,3.0,
T-c30d17,A-7988d1,,,9,low,104,5.0,
T-f443cd,A-dcc3f1,,,39,urgent,86,3.0,
T-ebb763,A-f44180,,,61,urgent,89,5.0,
T-34ad09,A-fabe19,,,47,urgent,37,4.0,
T-5c2e35,A-034368,,,33,urgent,123,4.0,
T-afa081,A-9123ac,,,63,medium,105,3.0,
T-367fe2,A-f17767,,,39,medium,125,3.0,
T-ef7c2f,A-94d3da,,,43,urgent,139,3.0,
T-9ff2ab,A-32fb14,,,17,urgent,10,4.0,
T-b6fed7,A-798a3f,,,45,high,9,4.0,
T-16818f,A-139c3b,,,42,medium,131,4.0,
T-a41057,A-22f2df,,,25,high,131,4.0,
T-152c1d,A-779e4e,,,40,urgent,171,5.0,
T-f17009,A-309e54,,,52,medium,71,4.0,
T-d6943a,A-76fa4d,,,14,low,86,5.0,
T-7a84fc,A-5a215a,,,24,low,4,5.0,
T-000c31,A-3ce5b8,,,21,urgent,65,4.0,
T-f5f28c,A-9badbd,,,34,low,149,5.0,
T-1b7a8e,A-a7bd4b,,,28,urgent,169,4.0,
T-964182,A-104f1a,,,11,medium,19,3.0,
T-fb59aa,A-e08cd3,,,14,high,96,4.0,
T-49e572,A-59f724,,,26,medium,48,5.0,
T-173d0c,A-f1f639,,,41,high,19,5.0,
T-9cbdc5,A-c222ab,,,9,medium,18,4.0,
T-534a33,A-5c9849,,,53,low,12,4.0,
T-b87a5a,A-b7724f,,,43,low,175,4.0,
T-76d301,A-e4144b,,,55,urgent,178,4.0,
T-7d5bb9,A-c58f49,,,52,urgent,31,4.0,
T-ad72a6,A-342303,,,10,high,10,4.0,
T-370b82,A-712426,,,49,low,87,5.0,
T-913bc6,A-600734,,,30,urgent,117,4.0,
T-262c36,A-86902e,,,67,medium,165,4.0,
T-b685e1,A-02cd81,,,37,medium,111,4.0,
T-1a19ef,A-2d1036,,,20,medium,98,5.0,
T-85c450,A-439b2f,,,5,low,67,4.0,
T-b0063c,A-8b0451,,,23,high,111,3.0,
T-a0d060,A-9208f0,,,12,low,18,4.0,
T-93f669,A-443f6f,,,36,high,154,4.0,
T-34deb3,A-53f4e3,,,50,high,150,4.0,
T-57f1af,A-432483,,,51,urgent,128,4.0,
T-ba59c1,A-bbc346,,,51,medium,156,5.0,
T-7917a1,A-8ed5dd,,,40,high,125,4.0,
T-d532cc,A-4f18f0,,,34,low,34,4.0,
T-de7b56,A-6f8ad2,,,59,medium,3,5.0,
T-9890b1,A-96bbc6,,,64,high,58,4.0,
T-f4b555,A-cbd1a3,,,32,medium,3,4.0,
T-d97c4e,A-e5d6ab,,,50,high,9,4.0,
T-810e51,A-eb7c38,,,5,low,83,4.0,
T-a8d3cc,A-e98302,,,42,urgent,57,4.0,
T-1ce392,A-ad3abd,,,25,urgent,164,3.0,
T-8f5672,A-c37601,,,59,urgent,5,4.0,
T-4fa65e,A-a09355,,,18,urgent,55,4.0,
T-8d66fe,A-d40bf7,,,27,urgent,171,5.0,
T-788eff,A-029f69,,,35,urgent,131,3.0,
T-3b516f,A-1b7577,,,19,urgent,167,5.0,
T-30c6e3,A-eb2fdc,,,27,low,30,5.0,
T-052718,A-241e75,,,8,medium,69,4.0,
T-08c89b,A-309e54,,,36,urgent,82,3.0,
T-74e1b9,A-0dbdc6,,,21,low,138,4.0,
T-20a128,A-7988d1,,,45,urgent,31,3.0,
T-d23a9b,A-ad296b,,,31,urgent,95,5.0,
T-c55d61,A-8ed5dd,,,6,high,8,4.0,
T-2626fb,A-67be94,,,14,high,168,4.0,
T-8ed20f,A-54d94a,,,18,medium,78,4.0,
T-01dc5a,A-fd9422,,,70,urgent,115,4.0,
T-279c10,A-1e6fc3,,,33,high,149,4.0,
T-a48070,A-856b1e,,,38,low,111,4.0,
T-aa897f,A-751c58,,,41,low,93,5.0,
T-48d493,A-8145a0,,,39,medium,122,4.0,
T-4d4a28,A-fd9422,,,23,medium,162,4.0,
T-141bed,A-50f3f7,,,30,low,2,4.0,
T-ca5ab4,A-53f4e3,,,39,urgent,98,5.0,
T-74be0c,A-bcf664,,,2,high,4,4.0,
T-2968aa,A-016043,,,59,low,143,4.0,
T-9fff22,A-b07346,,,52,medium,162,4.0,
T-6503b3,A-9123ac,,,66,high,24,5.0,
T-2e478d,A-6965e1,,,42,medium,175,4.0,
T-6d8847,A-3a5ad8,,,50,urgent,27,4.0,
T-245f39,A-e3bd71,,,19,urgent,105,4.0,
T-c3e2dd,A-202b67,,,69,medium,109,4.0,
T-a32345,A-503d5a,,,7,medium,54,4.0,
T-42f9b6,A-bcf664,,,12,urgent,172,4.0,
T-399cd5,A-5247b3,,,23,urgent,62,3.0,
T-5c4e0b,A-c608c8,,,60,medium,39,3.0,
T-611dd2,A-86902e,,,29,medium,166,3.0,
T-b48c61,A-2789e3,,,69,medium,74,4.0,
T-34025b,A-5c9849,,,70,urgent,104,4.0,
T-a0a7fe,A-55f257,,,31,medium,160,4.0,
T-8c66ed,A-7c83a1,,,65,low,38,4.0,
T-6e55e5,A-0f7d77,,,27,high,48,5.0,
T-526bb5,A-1986ca,,,41,high,135,4.0,
T-c25880,A-9289f6,,,35,medium,59,5.0,
T-c87e58,A-716841,,,64,low,102,5.0,
T-8d611d,A-2e3bad,,,31,medium,125,3.0,
T-a7ddd2,A-1ac5e0,,,60,high,169,4.0,
T-e44461,A-7f29a7,,,24,urgent,5,4.0,
T-b2d025,A-3793ee,,,44,low,176,4.0,
T-65a10b,A-ad3abd,,,13,medium,12,3.0,
T-0c9c88,A-0baac2,,,53,high,89,5.0,
T-0eef43,A-fa2041,,,16,low,99,3.0,
T-662a1c,A-e19ff6,,,32,urgent,74,5.0,
T-f37486,A-7641d3,,,5,urgent,123,5.0,
T-633fa7,A-054577,,,46,urgent,70,4.0,
T-a291f6,A-e98302,,,72,urgent,178,4.0,
T-bf9878,A-3ce5b8,,,67,urgent,15,3.0,
T-3345a4,A-6da850,,,57,low,112,4.0,
T-d99655,A-712533,,,48,high,104,4.0,
T-2166d3,A-aa9511,,,56,high,136,4.0,
T-698b5a,A-d62e02,,,36,high,31,4.0,
T-4c47b4,A-f03140,,,8,low,152,5.0,
T-7da6d5,A-781cc0,,,64,high,162,3.0,
T-5e536f,A-40906c,,,32,medium,91,4.0,
T-b94ce2,A-1f559b,,,42,urgent,142,5.0,
T-411de2,A-c9bb3e,,,69,low,7,5.0,
T-458b18,A-22f2df,,,70,urgent,60,5.0,
T-3171ab,A-4c56c9,,,9,low,10,4.0,
T-5435e7,A-7c83a1,,,56,high,140,3.0,
T-9c0369,A-34ea2f,,,40,low,30,4.0,
T-4a3162,A-bcbe98,,,31,urgent,112,5.0,
T-3e6e13,A-e1462e,,,12,urgent,115,3.0,
T-d9ea42,A-b11cd0,,,36,medium,158,5.0,
T-c0b9bc,A-f03140,,,31,urgent,143,3.0,
T-ddae37,A-cc98bc,,,10,low,83,4.0,
T-ebb598,A-84ebe4,,,67,low,132,4.0,
T-008e20,A-b78bf8,,,49,urgent,94,3.0,
T-b41d5c,A-9289f6,,,5,high,71,4.0,
T-e45dfb,A-0f6450,,,16,medium,173,4.0,
T-d6f0ba,A-30b4ca,,,52,low,69,4.0,
T-41e58d,A-9bfc9f,,,4,high,170,4.0,
T-129715,A-54ecc2,,,70,high,97,4.0,
T-fa3300,A-bcf664,,,72,low,80,4.0,
T-fa177b,A-e2cd1b,,,61,low,29,4.0,
T-95c3dd,A-fabe19,,,43,high,15,4.0,
T-57d464,A-671f31,,,44,high,146,4.0,
T-f97334,A-c45b23,,,42,urgent,75,4.0,
T-c2f40f,A-1f0636,,,17,high,68,3.0,
T-6c2263,A-82861f,,,17,medium,150,3.0,
T-9ac5fe,A-068fc6,,,34,urgent,106,4.0,
T-70987d,A-1f7acb,,,57,high,178,4.0,
T-96ccc2,A-186a44,,,24,high,146,4.0,
T-04fe85,A-6f8ad2,,,6,high,121,4.0,
T-8ab6ea,A-dcc3f1,,,45,high,153,4.0,
T-7cb39d,A-3be56b,,,14,medium,32,3.0,
T-831e11,A-cb6cc6,,,5,low,90,4.0,
T-95d237,A-cb5333,,,13,high,54,4.0,
T-b251a1,A-20736a,,,25,urgent,11,3.0,
T-06628f,A-4e960a,,,54,urgent,95,4.0,
T-452a96,A-2ebb4b,,,36,low,149,3.0,
T-702e0f,A-96e141,,,46,high,17,4.0,
T-710a02,A-1b7577,,,10,medium,37,3.0,
T-ca831e,A-9b9fe9,,,8,high,127,4.0,
T-073728,A-b9eed8,,,22,medium,116,4.0,
T-088e00,A-3b37d9,,,63,high,107,4.0,
T-c9862e,A-96215d,,,25,urgent,115,3.0,
T-321bf6,A-5ed98d,,,65,urgent,79,5.0,
T-1df716,A-0b0d6d,,,49,medium,145,4.0,
T-69edbb,A-c16cf7,,,57,low,46,4.0,
T-44cfed,A-592832,,,48,high,68,4.0,
T-7d169d,A-4a4c2d,,,31,medium,121,4.0,
T-1b9875,A-98a59a,,,61,low,48,5.0,
T-0ec7ca,A-e4bf56,,,35,low,59,3.0,
T-22aa61,A-4a4c2d,,,51,low,74,4.0,
T-ec55d4,A-9c18c4,,,69,urgent,67,5.0,
T-cee095,A-e08cd3,,,41,high,129,4.0,
T-45f75a,A-dcc3f1,,,24,high,71,4.0,
T-8b2aa1,A-65a46c,,,37,medium,118,4.0,
T-a617b9,A-1d5444,,,55,high,29,4.0,
T-1850d3,A-0158bb,,,32,urgent,50,3.0,
T-a1bc5a,A-7c6b6b,,,49,low,41,4.0,
T-361ccf,A-ce66f8,,,33,low,33,4.0,
T-0416e6,A-44dc83,,,35,high,120,5.0,
T-c1de5f,A-a09355,,,70,urgent,28,4.0,
T-15233b,A-c62e55,,,15,low,8,4.0,
T-2e0ccd,A-3b37d9,,,41,low,111,4.0,
T-488392,A-bd4513,,,10,high,12,5.0,
T-2be50d,A-3a5ad8,,,14,urgent,16,5.0,
T-6ce2af,A-ccabf0,,,35,high,156,4.0,
T-f1d9e6,A-5a215a,,,18,medium,4,3.0,
T-64293a,A-8ae3fc,,,59,high,65,4.0,
T-9ea26e,A-50bb9f,,,5,medium,88,4.0,
T-5fbdb4,A-2789e3,,,20,medium,116,4.0,
T-627615,A-dec005,,,52,high,124,4.0,
T-7b13df,A-ac85cd,,,23,low,35,4.0,
T-3118d4,A-df1e44,,,68,high,128,4.0,
T-9ac4b7,A-42b791,,,50,medium,20,4.0,
T-5d1f63,A-c42f1f,,,3,low,11,3.0,
T-f81be8,A-503d5a,,,63,low,57,4.0,
T-a952c0,A-855a48,,,48,high,125,4.0,
T-2bafb7,A-7d514c,,,52,high,39,4.0,
T-1761af,A-50bb9f,,,63,low,29,4.0,
T-ca8e8f,A-c608c8,,,58,low,93,4.0,
T-38dc90,A-6dee43,,,72,high,9,5.0,
T-e2a819,A-508199,,,60,low,123,3.0,
T-b1654b,A-3c1a3f,,,51,high,63,4.0,
T-9d2c2c,A-425e76,,,60,medium,50,4.0,
T-759461,A-45ce7a,,,60,low,87,4.0,
T-a6d9f2,A-4437e4,,,2,urgent,168,4.0,
T-88e515,A-1f0ac7,,,44,high,174,4.0,
T-6af11a,A-4ef964,,,58,medium,47,4.0,
T-e85a54,A-7dacce,,,60,urgent,129,4.0,
T-5b2cc5,A-e4bf56,,,7,low,169,4.0,
T-236dda,A-09316c,,,52,high,110,5.0,
T-17e9a8,A-296d7c,,,71,low,118,4.0,
T-0892d2,A-4f18f0,,,4,low,80,3.0,
T-2099b8,A-d4e0d4,,,53,high,119,3.0,
T-739439,A-67be94,,,29,high,32,3.0,
T-9f3c3d,A-417d2f,,,29,low,74,4.0,
T-a5d583,A-462d45,,,36,high,111,4.0,
T-a38b5d,A-fe79a5,,,34,low,32,4.0,
T-3ff542,A-855a48,,,65,low,96,3.0,
T-22582a,A-4ef964,,,65,medium,151,5.0,
T-0bea7d,A-5b4ebb,,,53,low,31,4.0,
T-cc11bd,A-977ca0,,,64,urgent,152,4.0,
T-95369a,A-c37601,,,38,low,124,4.0,
T-7507e8,A-e83938,,,72,medium,26,4.0,
T-9b3f6c,A-ba6516,,,15,medium,44,4.0,
T-f7b50d,A-309e54,,,2,urgent,66,4.0,
T-9a1a87,A-671f31,,,31,high,32,5.0,
T-b386f0,A-5a3eb9,,,5,medium,129,4.0,
T-19bc1e,A-a45270,,,63,high,162,4.0,
T-0f97f5,A-7f4db3,,,19,low,153,3.0,
T-b91d49,A-fb186e,,,7,urgent,107,3.0,
T-3b3bad,A-39ddf4,,,27,medium,116,4.0,
T-499df5,A-625d0b,,,45,urgent,31,4.0,
T-6dd363,A-40a557,,,42,medium,150,3.0,
T-53723b,A-f19409,,,13,medium,45,4.0,
T-afc27c,A-684255,,,17,low,95,4.0,
T-f01315,A-956988,,,57,urgent,153,3.0,
T-2184bf,A-4e960a,,,32,urgent,15,3.0,
T-b23b9f,A-65c341,,,55,low,109,4.0,
T-3444f4,A-902ef7,,,60,urgent,40,4.0,
T-7431ee,A-c70870,,,61,high,171,4.0,
T-935963,A-bcbe98,,,5,low,85,4.0,
T-7a95e0,A-0baac2,,,7,low,54,4.0,
T-eb97d9,A-32fb14,,,21,urgent,115,4.0,
T-d6707b,A-7df7a7,,,50,high,5,5.0,
T-b7489a,A-71615e,,,49,medium,77,4.0,
T-06f51b,A-7dacce,,,26,high,5,4.0,
T-f35250,A-151c9a,,,39,high,137,4.0,
T-7dedc0,A-a8d89d,,,29,low,146,5.0,
T-c248c0,A-0baac2,,,59,high,54,3.0,
T-bd44ab,A-bcf87c,,,56,medium,59,5.0,
T-060d32,A-854864,,,62,high,177,5.0,
T-4b7f17,A-354f12,,,47,medium,171,4.0,
T-8ea29d,A-ee42db,,,14,high,164,4.0,
T-0217dd,A-484819,,,19,urgent,78,5.0,
T-8c0ca5,A-cbbe12,,,39,high,158,4.0,
T-c15cd8,A-e3bd71,,,54,medium,132,5.0,
T-08abd6,A-dfbd31,,,34,medium,72,3.0,
T-6f6f56,A-fd9422,,,54,low,157,3.0,
T-4dc394,A-3f9cc0,,,2,medium,159,4.0,
T-a594a0,A-4bfa33,,,19,medium,84,4.0,
T-46fbb6,A-69fad4,,,54,low,167,4.0,
T-88aac2,A-c9bb3e,,,29,urgent,161,4.0,
T-65364e,A-5f7781,,,6,high,63,4.0,
T-fa9585,A-0a282f,,,18,medium,144,4.0,
T-0afa9f,A-e08cd3,,,41,low,79,4.0,
T-88f56c,A-1f7acb,,,37,urgent,146,3.0,
T-a28b90,A-b30291,,,16,urgent,1,4.0,
T-c27824,A-54ecc2,,,7,low,55,5.0,
T-fa10d0,A-0651a4,,,3,urgent,18,4.0,
T-3b0545,A-c16101,,,24,high,168,4.0,
T-c67f26,A-e2cd1b,,,27,urgent,72,5.0,
T-c779b5,A-50bb9f,,,47,urgent,33,4.0,
T-4291f4,A-1ac5e0,,,42,high,136,3.0,
T-ad61d7,A-271f46,,,36,medium,79,4.0,
T-6b1bf1,A-180abf,,,34,medium,5,3.0,
T-00183b,A-37f969,,,6,medium,5,4.0,
T-d37bb3,A-524364,,,19,urgent,57,4.0,
T-2e3ee5,A-9bfc9f,,,13,low,45,4.0,
T-fbe6c4,A-526d93,,,72,high,148,3.0,
T-1d1488,A-90a8c8,,,59,urgent,71,4.0,
T-34c636,A-2922b6,,,4,high,70,4.0,
T-0aacaa,A-671f31,,,26,urgent,22,4.0,
T-3c9151,A-59f724,,,29,urgent,146,4.0,
T-3915f7,A-310452,,,11,medium,139,3.0,
T-b7fe89,A-bad8c1,,,27,high,49,4.0,
T-f47516,A-db5e9e,,,68,low,18,5.0,
T-12e968,A-de58ca,,,59,medium,125,4.0,
T-0037fe,A-e4bf56,,,4,urgent,78,3.0,
T-01bdb9,A-625d0b,,,43,low,34,3.0,
T-ee390f,A-410e86,,,22,medium,125,4.0,
T-8d7ff3,A-eb7fac,,,5,urgent,147,4.0,
T-2572b1,A-712f1c,,,42,urgent,88,5.0,
T-45bddf,A-a45270,,,69,urgent,120,4.0,
T-4537a8,A-7c5768,,,5,urgent,150,3.0,
T-6804d9,A-39b19f,,,59,high,26,3.0,
T-1df6ee,A-34d880,,,32,low,131,3.0,
T-6511fb,A-1e1b80,,,31,high,32,3.0,
T-7ad7ec,A-d4ac0e,,,28,high,53,4.0,
T-1c02f2,A-417d2f,,,44,urgent,113,4.0,
T-0374bc,A-f446b6,,,38,urgent,53,3.0,
T-5d8f79,A-fb186e,,,35,medium,92,4.0,
T-cee549,A-b07346,,,5,urgent,37,3.0,
T-fe219c,A-2d1036,,,64,high,3,4.0,
T-2912e9,A-5ed98d,,,14,medium,133,4.0,
T-c78f8a,A-e4144b,,,62,medium,175,4.0,
T-429ce0,A-39ddf4,,,1,high,17,5.0,
T-f72f97,A-de24d5,,,41,medium,99,3.0,
T-d1723a,A-328bd0,,,8,medium,57,4.0,
T-512dec,A-0532a9,,,25,medium,127,4.0,
T-36b118,A-84ebe4,,,11,high,128,4.0,
T-bd85e1,A-3a5ad8,,,65,high,22,4.0,
T-089718,A-812c5b,,,13,medium,105,4.0,
T-4f0baf,A-94d3da,,,27,urgent,60,4.0,
T-ced7f6,A-f1f639,,,19,low,27,5.0,
T-cfb0cf,A-10b8da,,,33,low,77,3.0,
T-769e8b,A-35083d,,,33,high,176,5.0,
T-f0b00c,A-4437e4,,,18,medium,179,3.0,
T-c0657b,A-9289f6,,,50,low,155,4.0,
T-4db443,A-08e34e,,,31,low,15,4.0,
T-19a57f,A-2edab2,,,48,low,34,4.0,
T-8639ca,A-8e47ca,,,72,medium,145,5.0,
T-26d259,A-712f1c,,,56,low,96,4.0,
T-cc9f02,A-5790f4,,,30,urgent,80,4.0,
T-d3c23c,A-396e5f,,,2,low,166,4.0,
T-35e9e6,A-b7b7b7,,,41,medium,37,5.0,
T-36db9a,A-6a7c9d,,,48,high,125,5.0,
T-9130f4,A-3d957b,,,26,high,73,4.0,
T-52b693,A-e61e98,,,24,high,10,5.0,
T-97f5bb,A-31ab9a,,,21,medium,6,3.0,
T-633a99,A-016043,,,12,high,63,4.0,
T-678cb9,A-463db0,,,66,medium,39,4.0,
T-a5b987,A-158f4e,,,23,high,156,4.0,
T-94fe73,A-3a7284,,,67,urgent,56,4.0,
T-399f72,A-37f969,,,11,high,154,3.0,
T-8f66c9,A-c1dfe1,,,65,high,110,4.0,
T-ec5618,A-1986ca,,,62,low,175,3.0,
T-1160c9,A-afa505,,,37,medium,58,3.0,
T-512f1f,A-fd9422,,,37,high,141,3.0,
T-2d97f8,A-4814a3,,,24,urgent,20,4.0,
T-ce367c,A-533452,,,20,urgent,30,4.0,
T-10fe26,A-560d27,,,4,medium,29,5.0,
T-9bb4f6,A-7f4db3,,,8,medium,14,4.0,
T-a2dd12,A-18793f,,,33,high,168,4.0,
T-1742e2,A-7dacce,,,37,high,32,4.0,
T-a661ac,A-9b9fe9,,,71,low,161,4.0,
T-17de9f,A-3932db,,,34,medium,46,4.0,
T-b7bd24,A-9f0b68,,,37,low,78,4.0,
T-04752b,A-9badbd,,,28,high,155,4.0,
T-90e0e9,A-89ee83,,,51,medium,36,4.0,
T-77863a,A-e60f9d,,,71,urgent,132,4.0,
T-eecc2f,A-c9bb3e,,,4,high,73,4.0,
T-6014e5,A-e7beab,,,57,high,161,3.0,
T-0a20f3,A-7f6b86,,,65,medium,156,3.0,
T-415f6a,A-bd4708,,,29,urgent,2,4.0,
T-afb450,A-e83938,,,41,low,171,4.0,
T-b8b946,A-cc1d8d,,,62,medium,126,4.0,
T-e771c5,A-0f3e88,,,65,low,4,4.0,
T-65eac5,A-b07b56,,,15,urgent,104,4.0,
T-4ad95c,A-118d55,,,50,medium,122,4.0,
T-7bfd11,A-bb1eaa,,,24,low,11,4.0,
T-55f338,A-cdf020,,,12,high,5,3.0,
T-30918a,A-c7ffc2,,,65,high,29,3.0,
T-035ec1,A-df10db,,,69,medium,127,3.0,
T-35cdd0,A-c16101,,,17,high,67,4.0,
T-43635f,A-de58ca,,,34,medium,152,4.0,
T-192ed5,A-3932db,,,61,low,74,4.0,
T-890bef,A-39ddf4,,,7,high,109,4.0,
T-dd8c7f,A-439b2f,,,30,urgent,66,4.0,
T-c88d4c,A-82d8a6,,,53,urgent,163,4.0,
T-30e7ba,A-31ab9a,,,47,high,58,4.0,
T-cfbf16,A-249769,,,63,low,13,5.0,
T-ab3873,A-8b0451,,,16,urgent,115,4.0,
T-db8ee9,A-05f0e5,,,13,medium,58,4.0,
T-11a32d,A-94c3cd,,,54,urgent,86,4.0,
T-01fc55,A-faa28c,,,70,urgent,22,5.0,
T-d1168e,A-65a46c,,,51,urgent,103,5.0,
T-23bb61,A-756192,,,36,low,171,3.0,
T-ac09fb,A-751bd4,,,15,high,97,4.0,
T-ed8926,A-32728c,,,29,medium,72,4.0,
T-675f77,A-af0cd2,,,58,low,173,4.0,
T-0134fb,A-c16101,,,34,urgent,70,4.0,
T-5cfb64,A-5a92e7,,,69,low,136,4.0,
T-27abc5,A-4c56c9,,,50,high,61,3.0,
T-0b8b7d,A-3b5cd1,,,24,low,53,4.0,
T-30849e,A-e51ec7,,,15,low,99,4.0,
T-5dc1bf,A-86cdb4,,,33,urgent,129,4.0,
T-0cfcc4,A-69fad4,,,1,urgent,164,4.0,
T-1f3e8a,A-f03140,,,12,medium,132,4.0,
T-4bfec4,A-09316c,,,40,low,105,3.0,
T-2fdfe5,A-05d3b3,,,39,low,114,4.0,
T-07ff37,A-b54c01,,,42,high,106,4.0,
T-484790,A-0f6450,,,42,urgent,102,4.0,
T-37b3f3,A-e40f45,,,21,high,132,5.0,
T-a96055,A-e43bf7,,,49,medium,9,4.0,
T-a1823c,A-50bb9f,,,56,urgent,25,4.0,
T-5faeda,A-92a333,,,4,high,55,4.0,
T-ac9630,A-13466a,,,5,high,130,5.0,
T-d890d5,A-6da850,,,12,high,131,4.0,
T-37e292,A-ac14bb,,,28,low,38,4.0,
T-4c0c16,A-6dee43,,,69,urgent,108,4.0,
T-2873de,A-10b8f2,,,12,low,59,3.0,
T-b5076f,A-712533,,,67,medium,53,3.0,
T-68fee5,A-5ed98d,,,16,urgent,114,4.0,
T-3329cb,A-592832,,,9,low,123,5.0,
T-38a3f8,A-5c9849,,,66,low,41,4.0,
T-f2c439,A-f6b2fb,,,69,medium,70,3.0,
T-39424e,A-ccc747,,,5,medium,137,4.0,
T-856bdd,A-508199,,,48,low,52,4.0,
T-c9a926,A-6a4e2d,,,15,low,126,5.0,
T-c7f28d,A-ffc04f,,,14,low,9,4.0,
T-1a8ff8,A-e61e98,,,2,low,44,5.0,
T-6ff72c,A-241e75,,,26,high,178,5.0,
T-ba2219,A-463db0,,,58,urgent,179,4.0,
T-ab7721,A-22f2df,,,61,urgent,19,4.0,
T-ae3a16,A-186a44,,,51,low,97,4.0,
T-9aee85,A-9ee962,,,39,medium,155,4.0,
T-e17f8c,A-ac85cd,,,17,low,66,4.0,
T-31cd64,A-eb7c38,,,41,urgent,33,4.0,
T-814d7e,A-313be3,,,39,low,141,5.0,
T-984352,A-417d2f,,,10,high,129,4.0,
T-ad5807,A-443b7c,,,14,high,14,4.0,
T-7af423,A-149a69,,,9,medium,172,4.0,
T-162d1f,A-a0ca4e,,,60,high,77,4.0,
T-b2925a,A-eb7fac,,,71,low,172,4.0,
T-e3507b,A-e98302,,,14,high,95,4.0,
T-88abc2,A-ad64c6,,,12,high,159,4.0,
T-b348cc,A-cbd1a3,,,33,urgent,145,4.0,
T-42f242,A-922109,,,49,high,104,3.0,
T-1df364,A-c70870,,,19,medium,127,4.0,
T-6b8b96,A-d27f50,,,60,urgent,101,3.0,
T-2fa50a,A-b9f5b1,,,37,medium,17,4.0,
T-f4bc90,A-503d5a,,,11,high,27,3.0,
T-fecc33,A-712f1c,,,31,low,121,3.0,
T-a2665a,A-cea1f0,,,28,urgent,161,4.0,
T-b77fc1,A-558c72,,,66,high,83,4.0,
T-42c4fb,A-17939a,,,8,urgent,50,4.0,
T-7a1469,A-503d5a,,,64,medium,27,4.0,
T-186d63,A-cbbe12,,,26,medium,40,4.0,
T-581c3c,A-4c56c9,,,29,high,8,3.0,
T-93e27e,A-8bde0c,,,55,high,42,4.0,
T-5ac967,A-4814a3,,,12,urgent,161,4.0,
T-6086c6,A-cd458b,,,2,urgent,84,5.0,
T-ca2383,A-81edc3,,,60,high,79,5.0,
T-271d67,A-40a557,,,1,urgent,1,4.0,
T-2a6f2e,A-cc98bc,,,1,low,159,4.0,
T-7cab7d,A-c37cab,,,1,low,28,4.0,
T-1ce30f,A-82d8a6,,,26,medium,37,4.0,
T-ea65ad,A-8b0451,,,6,medium,79,4.0,
T-44b8e5,A-de24d5,,,65,low,4,4.0,
T-0111f8,A-96e141,,,23,high,95,5.0,
T-d82e4d,A-f446b6,,,51,urgent,120,4.0,
T-e5a027,A-40a557,,,1,urgent,44,4.0,
T-b123d2,A-32fb14,,,7,low,89,4.0,
T-8a2ad9,A-d922bf,,,71,low,125,4.0,
T-46e5ce,A-089363,,,59,high,46,4.0,
T-e481c6,A-856b1e,,,51,low,22,4.0,
T-9d8a29,A-c222ab,,,37,urgent,131,4.0,
T-bafc8d,A-c42f1f,,,1,high,122,4.0,
T-94b674,A-f25509,,,44,urgent,78,4.0,
T-92101f,A-202b67,,,35,high,51,5.0,
T-cd3896,A-17939a,,,26,high,35,5.0,
T-b52677,A-53f4e3,,,6,high,138,3.0,
T-3ef55f,A-098560,,,1,high,174,3.0,
T-8b1323,A-2edab2,,,12,medium,116,4.0,
T-d2f0e5,A-8b0451,,,20,urgent,17,4.0,
T-a2f9f7,A-f19b24,,,58,medium,75,4.0,
T-d9600d,A-98a59a,,,27,urgent,106,4.0,
T-287662,A-a7bd4b,,,40,medium,57,3.0,
T-7932c2,A-f17767,,,9,urgent,132,5.0,
T-1cf7fa,A-39ddf4,,,12,high,21,4.0,
T-24d5c4,A-4f18f0,,,56,high,79,4.0,
T-7d2f68,A-fd7ad3,,,59,low,167,5.0,
T-d5e980,A-22d9d2,,,18,low,137,4.0,
T-d80204,A-684255,,,29,medium,6,5.0,
T-ae53a2,A-0532a9,,,59,low,165,4.0,
T-056a79,A-c43359,,,32,urgent,103,4.0,
T-27e2a5,A-9f9299,,,67,low,42,4.0,
T-f73830,A-51ec1b,,,71,low,174,4.0,
T-182de8,A-993085,,,31,low,108,4.0,
T-cb1b0e,A-a33200,,,56,urgent,46,5.0,
T-54b828,A-c42f1f,,,22,low,150,5.0,
T-f0ff14,A-b179bf,,,12,urgent,17,4.0,
T-72f058,A-118d55,,,9,high,82,4.0,
T-ed12da,A-702032,,,36,medium,34,3.0,
T-b3f296,A-05f0e5,,,11,high,91,4.0,
T-2bec1c,A-6dee43,,,15,high,51,4.0,
T-22afc4,A-cdf020,,,35,urgent,3,4.0,
T-8e58b9,A-cc1d8d,,,3,high,106,4.0,
T-01387f,A-854864,,,45,low,74,5.0,
T-9f4e20,A-7a0d69,,,36,urgent,83,4.0,
T-374bd7,A-038089,,,17,low,36,4.0,
T-a65795,A-d77f4c,,,8,urgent,82,5.0,
T-d552c8,A-94f8c9,,,22,urgent,93,5.0,
T-c6ebe1,A-331424,,,20,medium,154,4.0,
T-2f3247,A-716841,,,4,low,48,4.0,
T-5117fb,A-c7e58b,,,65,medium,64,3.0,
T-c1b39d,A-92a333,,,44,low,103,4.0,
T-f99a2c,A-4a267b,,,1,medium,61,3.0,
T-83edca,A-3f9cc0,,,12,urgent,99,5.0,
T-721dbc,A-53f4e3,,,12,urgent,54,4.0,
T-592ec1,A-544d0a,,,27,low,161,5.0,
T-bccf47,A-0b0d6d,,,15,high,92,4.0,
T-381eff,A-9f9299,,,35,low,139,5.0,
T-115c3c,A-95b24a,,,9,medium,162,5.0,
T-3d0cfa,A-1e6fc3,,,23,urgent,50,3.0,
T-ac71c9,A-186a44,,,8,high,155,3.0,
T-bf29da,A-0cc442,,,58,urgent,110,3.0,
T-b3feb3,A-f5641b,,,69,high,121,3.0,
T-c6fa3a,A-7c6b6b,,,53,low,96,5.0,
T-b5fa1f,A-44dc83,,,16,medium,57,4.0,
T-d51d42,A-ba6516,,,9,low,149,5.0,
T-ba8b3a,A-d4ac0e,,,22,high,40,4.0,
T-dba043,A-32fb14,,,62,urgent,60,5.0,
T-0bb5ac,A-7920cc,,,13,low,9,4.0,
T-cff159,A-180abf,,,65,medium,138,4.0,
T-2b5ff8,A-0651a4,,,66,high,32,5.0,
T-79d436,A-05f0e5,,,20,high,177,4.0,
T-8da35c,A-7f4db3,,,15,urgent,60,3.0,
T-611dd3,A-44dc83,,,59,high,169,5.0,
T-12a740,A-87aa7b,,,22,urgent,147,4.0,
T-9656b4,A-f51f16,,,58,urgent,172,4.0,
T-10fc64,A-7f4db3,,,12,medium,75,4.0,
T-069c43,A-1986ca,,,50,high,53,3.0,
T-263799,A-d4e0d4,,,29,medium,6,4.0,
T-89a21e,A-b07b56,,,55,high,113,4.0,
T-0ba1a8,A-f25509,,,54,urgent,72,5.0,
T-7e4e70,A-20736a,,,47,low,26,5.0,
T-20af37,A-faa28c,,,54,low,174,4.0,
T-d5f42b,A-18793f,,,66,low,81,3.0,
T-d895b8,A-ed510f,,,32,low,45,3.0,
T-db932a,A-9779ad,,,10,urgent,92,4.0,
T-784b41,A-dcc3f1,,,23,medium,21,4.0,
T-fdf135,A-34ea2f,,,44,urgent,65,4.0,
T-7905fa,A-55f257,,,43,low,175,4.0,
T-4a53fe,A-e40f45,,,49,low,153,4.0,
T-0238f9,A-443b7c,,,5,medium,81,4.0,
T-762081,A-068fc6,,,43,urgent,118,5.0,
T-8e6d12,A-6f50ae,,,1,high,83,4.0,
T-fcfcf7,A-89ee83,,,5,low,82,4.0,
T-fe6445,A-a865bd,,,21,urgent,9,4.0,
T-ce0f83,A-296d7c,,,72,urgent,68,3.0,
T-5752a2,A-95b24a,,,47,urgent,82,4.0,
T-c1ac80,A-342303,,,66,high,125,4.0,
T-7eaf4c,A-86902e,,,34,low,63,3.0,
T-7f775b,A-59f724,,,3,high,154,4.0,
T-e11f4e,A-92a333,,,20,medium,64,4.0,
T-bbad1e,A-3793ee,,,52,low,178,4.0,
T-e0d92c,A-31ab9a,,,23,urgent,37,4.0,
T-6533ba,A-90a8c8,,,27,medium,1,3.0,
T-2b3584,A-f9cc74,,,33,low,120,5.0,
T-9d29d0,A-34ea2f,,,45,low,60,4.0,
T-c6eb1f,A-2b9d3e,,,43,urgent,43,4.0,
T-7f7908,A-78f02b,,,8,low,2,3.0,
T-508ea0,A-9289f6,,,12,high,53,3.0,
T-f402a9,A-e888d1,,,28,high,91,5.0,
T-731aca,A-139c3b,,,14,high,36,4.0,
T-7a57cf,A-0f6450,,,31,medium,59,5.0,
T-e766b0,A-00bed1,,,66,high,98,4.0,
T-922d49,A-7f6b86,,,31,urgent,114,4.0,
T-c6e82b,A-bc87bc,,,37,high,178,4.0,
T-fe9f10,A-dbc825,,,40,low,81,4.0,
T-e7e186,A-443b7c,,,60,urgent,91,4.0,
T-d980c3,A-4c38bc,,,11,urgent,20,4.0,
T-5bc279,A-443b7c,,,23,urgent,18,5.0,
T-ffb356,A-65c341,,,47,high,93,4.0,
T-f1c022,A-e4bf56,,,18,high,73,3.0,
T-71d508,A-9b9fe9,,,22,low,180,5.0,
T-bf44a3,A-de24d5,,,45,high,103,4.0,
T-5da5ab,A-bb3bd4,,,17,urgent,153,3.0,
T-0811d4,A-f6b2fb,,,58,medium,24,4.0,
T-a35ae1,A-80eeb6,,,68,high,38,4.0,
T-ffdef9,A-1b707d,,,45,low,13,4.0,
T-76632d,A-00bed1,,,27,high,46,4.0,
T-cbc3ef,A-c4ea60,,,50,medium,51,3.0,
T-d9d697,A-417d2f,,,70,urgent,3,4.0,
T-a9918a,A-b20d99,,,63,low,22,3.0,
T-e3c91a,A-d3c88e,,,72,high,16,4.0,
T-91c983,A-dfbd31,,,3,high,177,5.0,
T-ccf229,A-b2225d,,,60,high,24,4.0,
